level,node_id,node_label,pid,pos_list,team,pos_list_fmt,node_customdata,node_color,node_color_alt
pid,2306,Jameis Winston,2306,"('QB',)",NO,QB, [QB-NO],"rgb(235, 67, 111)","rgba(235,67,111,.1)"
pid,10217,Clayton Tune,10217,"('QB',)",ARI,QB, [QB-ARI],"rgb(235, 67, 111)","rgba(235,67,111,.1)"
pid,9999,Will Levis,9999,"('QB',)",TEN,QB, [QB-TEN],"rgb(235, 67, 111)","rgba(235,67,111,.1)"
pid,6797,Justin Herbert,6797,"('QB',)",LAC,QB, [QB-LAC],"rgb(235, 67, 111)","rgba(235,67,111,.1)"
pid,7538,Zach Wilson,7538,"('QB',)",NYJ,QB, [QB-NYJ],"rgb(235, 67, 111)","rgba(235,67,111,.1)"
pid,5870,Daniel Jones,5870,"('QB',)",NYG,QB, [QB-NYG],"rgb(235, 67, 111)","rgba(235,67,111,.1)"
pid,9758,C.J. Stroud,9758,"('QB',)",HOU,QB, [QB-HOU],"rgb(235, 67, 111)","rgba(235,67,111,.1)"
pid,2028,Derek Carr,2028,"('QB',)",NO,QB, [QB-NO],"rgb(235, 67, 111)","rgba(235,67,111,.1)"
pid,2307,Marcus Mariota,2307,"('QB',)",PHI,QB, [QB-PHI],"rgb(235, 67, 111)","rgba(235,67,111,.1)"
pid,8183,Brock Purdy,8183,"('QB',)",SF,QB, [QB-SF],"rgb(235, 67, 111)","rgba(235,67,111,.1)"
pid,1166,Kirk Cousins,1166,"('QB',)",MIN,QB, [QB-MIN],"rgb(235, 67, 111)","rgba(235,67,111,.1)"
pid,6904,Jalen Hurts,6904,"('QB',)",PHI,QB, [QB-PHI],"rgb(235, 67, 111)","rgba(235,67,111,.1)"
pid,4179,Joshua Dobbs,4179,"('QB',)",MIN,QB, [QB-MIN],"rgb(235, 67, 111)","rgba(235,67,111,.1)"
pid,7083,Tyler Huntley,7083,"('QB',)",BAL,QB, [QB-BAL],"rgb(235, 67, 111)","rgba(235,67,111,.1)"
pid,4881,Lamar Jackson,4881,"('QB',)",BAL,QB, [QB-BAL],"rgb(235, 67, 111)","rgba(235,67,111,.1)"
pid,1049,Ryan Tannehill,1049,"('QB',)",TEN,QB, [QB-TEN],"rgb(235, 67, 111)","rgba(235,67,111,.1)"
pid,2711,Taylor Heinicke,2711,"('QB',)",ATL,QB, [QB-ATL],"rgb(235, 67, 111)","rgba(235,67,111,.1)"
pid,6804,Jordan Love,6804,"('QB',)",GB,QB, [QB-GB],"rgb(235, 67, 111)","rgba(235,67,111,.1)"
pid,3294,Dak Prescott,3294,"('QB',)",DAL,QB, [QB-DAL],"rgb(235, 67, 111)","rgba(235,67,111,.1)"
pid,10860,Malik Cunningham,10860,"('QB',)",BAL,QB, [QB-BAL],"rgb(235, 67, 111)","rgba(235,67,111,.1)"
pid,4984,Josh Allen,4984,"('QB',)",BUF,QB, [QB-BUF],"rgb(235, 67, 111)","rgba(235,67,111,.1)"
pid,10866,Aidan O'Connell,10866,"('QB',)",LV,QB, [QB-LV],"rgb(235, 67, 111)","rgba(235,67,111,.1)"
pid,9998,Hendon Hooker,9998,"('QB',)",DET,QB, [QB-DET],"rgb(235, 67, 111)","rgba(235,67,111,.1)"
pid,4943,Sam Darnold,4943,"('QB',)",SF,QB, [QB-SF],"rgb(235, 67, 111)","rgba(235,67,111,.1)"
pid,421,Matthew Stafford,421,"('QB',)",LAR,QB, [QB-LAR],"rgb(235, 67, 111)","rgba(235,67,111,.1)"
pid,6770,Joe Burrow,6770,"('QB',)",CIN,QB, [QB-CIN],"rgb(235, 67, 111)","rgba(235,67,111,.1)"
pid,1837,Jimmy Garoppolo,1837,"('QB',)",LV,QB, [QB-LV],"rgb(235, 67, 111)","rgba(235,67,111,.1)"
pid,1373,Geno Smith,1373,"('QB',)",SEA,QB, [QB-SEA],"rgb(235, 67, 111)","rgba(235,67,111,.1)"
pid,7591,Justin Fields,7591,"('QB',)",CHI,QB, [QB-CHI],"rgb(235, 67, 111)","rgba(235,67,111,.1)"
pid,7605,Kyle Trask,7605,"('QB',)",TB,QB, [QB-TB],"rgb(235, 67, 111)","rgba(235,67,111,.1)"
pid,10862,Dorian Thompson-Robinson,10862,"('QB',)",CLE,QB, [QB-CLE],"rgb(235, 67, 111)","rgba(235,67,111,.1)"
pid,7610,Trey Lance,7610,"('QB',)",DAL,QB, [QB-DAL],"rgb(235, 67, 111)","rgba(235,67,111,.1)"
pid,3163,Jared Goff,3163,"('QB',)",DET,QB, [QB-DET],"rgb(235, 67, 111)","rgba(235,67,111,.1)"
pid,4892,Baker Mayfield,4892,"('QB',)",TB,QB, [QB-TB],"rgb(235, 67, 111)","rgba(235,67,111,.1)"
pid,4046,Patrick Mahomes,4046,"('QB',)",KC,QB, [QB-KC],"rgb(235, 67, 111)","rgba(235,67,111,.1)"
pid,4017,Deshaun Watson,4017,"('QB',)",CLE,QB, [QB-CLE],"rgb(235, 67, 111)","rgba(235,67,111,.1)"
pid,8160,Kenny Pickett,8160,"('QB',)",PIT,QB, [QB-PIT],"rgb(235, 67, 111)","rgba(235,67,111,.1)"
pid,9228,Bryce Young,9228,"('QB',)",CAR,QB, [QB-CAR],"rgb(235, 67, 111)","rgba(235,67,111,.1)"
pid,9231,Jaren Hall,9231,"('QB',)",MIN,QB, [QB-MIN],"rgb(235, 67, 111)","rgba(235,67,111,.1)"
pid,5849,Kyler Murray,5849,"('QB',)",ARI,QB, [QB-ARI],"rgb(235, 67, 111)","rgba(235,67,111,.1)"
pid,7527,Mac Jones,7527,"('QB',)",NE,QB, [QB-NE],"rgb(235, 67, 111)","rgba(235,67,111,.1)"
pid,6011,Gardner Minshew,6011,"('QB',)",IND,QB, [QB-IND],"rgb(235, 67, 111)","rgba(235,67,111,.1)"
pid,9229,Anthony Richardson,9229,"('QB',)",IND,QB, [QB-IND],"rgb(235, 67, 111)","rgba(235,67,111,.1)"
pid,10857,Stetson Bennett,10857,"('QB',)",LAR,QB, [QB-LAR],"rgb(235, 67, 111)","rgba(235,67,111,.1)"
pid,3976,Mitch Trubisky,3976,"('QB',)",PIT,QB, [QB-PIT],"rgb(235, 67, 111)","rgba(235,67,111,.1)"
pid,3257,Jacoby Brissett,3257,"('QB',)",WAS,QB, [QB-WAS],"rgb(235, 67, 111)","rgba(235,67,111,.1)"
pid,6136,Jarrett Stidham,6136,"('QB',)",DEN,QB, [QB-DEN],"rgb(235, 67, 111)","rgba(235,67,111,.1)"
pid,8161,Malik Willis,8161,"('QB',)",TEN,QB, [QB-TEN],"rgb(235, 67, 111)","rgba(235,67,111,.1)"
pid,8159,Desmond Ridder,8159,"('QB',)",ATL,QB, [QB-ATL],"rgb(235, 67, 111)","rgba(235,67,111,.1)"
pid,1234,Russell Wilson,1234,"('QB',)",DEN,QB, [QB-DEN],"rgb(235, 67, 111)","rgba(235,67,111,.1)"
pid,827,Tyrod Taylor,827,"('QB',)",NYG,QB, [QB-NYG],"rgb(235, 67, 111)","rgba(235,67,111,.1)"
pid,96,Aaron Rodgers,96,"('QB',)",NYJ,QB, [QB-NYJ],"rgb(235, 67, 111)","rgba(235,67,111,.1)"
pid,829,Andy Dalton,829,"('QB',)",CAR,QB, [QB-CAR],"rgb(235, 67, 111)","rgba(235,67,111,.1)"
pid,8162,Sam Howell,8162,"('QB',)",WAS,QB, [QB-WAS],"rgb(235, 67, 111)","rgba(235,67,111,.1)"
pid,5089,Mike White,5089,"('QB',)",MIA,QB, [QB-MIA],"rgb(235, 67, 111)","rgba(235,67,111,.1)"
pid,7523,Trevor Lawrence,7523,"('QB',)",JAX,QB, [QB-JAX],"rgb(235, 67, 111)","rgba(235,67,111,.1)"
pid,8157,Bailey Zappe,8157,"('QB',)",NE,QB, [QB-NE],"rgb(235, 67, 111)","rgba(235,67,111,.1)"
pid,6768,Tua Tagovailoa,6768,"('QB',)",MIA,QB, [QB-MIA],"rgb(235, 67, 111)","rgba(235,67,111,.1)"
pid,2549,Trevor Siemian,2549,"('QB',)",NYJ,QB, [QB-NYJ],"rgb(235, 67, 111)","rgba(235,67,111,.1)"
pid,4335,P.J. Walker,4335,"('QB',)",CLE,QB, [QB-CLE],"rgb(235, 67, 111)","rgba(235,67,111,.1)"
pid,11256,Tyson Bagent,11256,"('QB',)",CHI,QB, [QB-CHI],"rgb(235, 67, 111)","rgba(235,67,111,.1)"
pid,345,Brian Hoyer,345,"('QB',)",LV,QB, [QB-LV],"rgb(235, 67, 111)","rgba(235,67,111,.1)"
pid,6037,Brett Rypien,6037,"('QB',)",NYJ,QB, [QB-NYJ],"rgb(235, 67, 111)","rgba(235,67,111,.1)"
pid,11292,Tommy DeVito,11292,"('QB',)",NYG,QB, [QB-NYG],"rgb(235, 67, 111)","rgba(235,67,111,.1)"
pid,3161,Carson Wentz,3161,"('QB',)",LAR,QB, [QB-LAR],"rgb(235, 67, 111)","rgba(235,67,111,.1)"
pid,19,Joe Flacco,19,"('QB',)",CLE,QB, [QB-CLE],"rgb(235, 67, 111)","rgba(235,67,111,.1)"
pid,5257,Tim Boyle,5257,"('QB',)",HOU,QB, [QB-HOU],"rgb(235, 67, 111)","rgba(235,67,111,.1)"
pid,6111,Jake Browning,6111,"('QB',)",CIN,QB, [QB-CIN],"rgb(235, 67, 111)","rgba(235,67,111,.1)"
pid,4127,C.J. Beathard,4127,"('QB',)",JAX,QB, [QB-JAX],"rgb(235, 67, 111)","rgba(235,67,111,.1)"
pid,4464,Nick Mullens,4464,"('QB',)",MIN,QB, [QB-MIN],"rgb(235, 67, 111)","rgba(235,67,111,.1)"
pid,6185,Easton Stick,6185,"('QB',)",LAC,QB, [QB-LAC],"rgb(235, 67, 111)","rgba(235,67,111,.1)"
pid,1737,Case Keenum,1737,"('QB',)",HOU,QB, [QB-HOU],"rgb(235, 67, 111)","rgba(235,67,111,.1)"
pid,5854,Drew Lock,5854,"('QB',)",SEA,QB, [QB-SEA],"rgb(235, 67, 111)","rgba(235,67,111,.1)"
pid,4972,Mason Rudolph,4972,"('QB',)",PIT,QB, [QB-PIT],"rgb(235, 67, 111)","rgba(235,67,111,.1)"
pid,167,Tom Brady,167,"('QB',)",,QB, [QB-],"rgb(235, 67, 111)","rgba(235,67,111,.1)"
pid,6828,AJ Dillon,6828,"('RB',)",GB,RB, [RB-GB],"rgb(92, 203, 184)","rgba(92,203,184,.1)"
pid,6806,J.K. Dobbins,6806,"('RB',)",BAL,RB, [RB-BAL],"rgb(92, 203, 184)","rgba(92,203,184,.1)"
pid,5890,Damien Harris,5890,"('RB',)",BUF,RB, [RB-BUF],"rgb(92, 203, 184)","rgba(92,203,184,.1)"
pid,9226,De'Von Achane,9226,"('RB',)",MIA,RB, [RB-MIA],"rgb(92, 203, 184)","rgba(92,203,184,.1)"
pid,9506,Sean Tucker,9506,"('RB',)",TB,RB, [RB-TB],"rgb(92, 203, 184)","rgba(92,203,184,.1)"
pid,10870,Deneric Prince,10870,"('RB',)",KC,RB, [RB-KC],"rgb(92, 203, 184)","rgba(92,203,184,.1)"
pid,11439,Jaleel McLaughlin,11439,"('RB',)",DEN,RB, [RB-DEN],"rgb(92, 203, 184)","rgba(92,203,184,.1)"
pid,4029,Dalvin Cook,4029,"('RB',)",BAL,RB, [RB-BAL],"rgb(92, 203, 184)","rgba(92,203,184,.1)"
pid,9505,Deuce Vaughn,9505,"('RB',)",DAL,RB, [RB-DAL],"rgb(92, 203, 184)","rgba(92,203,184,.1)"
pid,8123,Hassan Haskins,8123,"('RB',)",TEN,RB, [RB-TEN],"rgb(92, 203, 184)","rgba(92,203,184,.1)"
pid,8129,Dameon Pierce,8129,"('RB',)",HOU,RB, [RB-HOU],"rgb(92, 203, 184)","rgba(92,203,184,.1)"
pid,4455,Matt Breida,4455,"('RB',)",NYG,RB, [RB-NYG],"rgb(92, 203, 184)","rgba(92,203,184,.1)"
pid,4034,Christian McCaffrey,4034,"('RB',)",SF,RB, [RB-SF],"rgb(92, 203, 184)","rgba(92,203,184,.1)"
pid,3198,Derrick Henry,3198,"('RB',)",TEN,RB, [RB-TEN],"rgb(92, 203, 184)","rgba(92,203,184,.1)"
pid,8132,Tyler Allgeier,8132,"('RB',)",ATL,RB, [RB-ATL],"rgb(92, 203, 184)","rgba(92,203,184,.1)"
pid,7607,Michael Carter,7607,"('RB',)",ARI,RB, [RB-ARI],"rgb(92, 203, 184)","rgba(92,203,184,.1)"
pid,5284,Jeff Wilson,5284,"('RB',)",MIA,RB, [RB-MIA],"rgb(92, 203, 184)","rgba(92,203,184,.1)"
pid,6813,Jonathan Taylor,6813,"('RB',)",IND,RB, [RB-IND],"rgb(92, 203, 184)","rgba(92,203,184,.1)"
pid,9753,Zach Charbonnet,9753,"('RB',)",SEA,RB, [RB-SEA],"rgb(92, 203, 184)","rgba(92,203,184,.1)"
pid,8139,Zamir White,8139,"('RB',)",LV,RB, [RB-LV],"rgb(92, 203, 184)","rgba(92,203,184,.1)"
pid,8230,Ty Chandler,8230,"('RB',)",MIN,RB, [RB-MIN],"rgb(92, 203, 184)","rgba(92,203,184,.1)"
pid,9508,Tyjae Spears,9508,"('RB',)",TEN,RB, [RB-TEN],"rgb(92, 203, 184)","rgba(92,203,184,.1)"
pid,1476,Latavius Murray,1476,"('RB',)",BUF,RB, [RB-BUF],"rgb(92, 203, 184)","rgba(92,203,184,.1)"
pid,9220,Evan Hull,9220,"('RB',)",IND,RB, [RB-IND],"rgb(92, 203, 184)","rgba(92,203,184,.1)"
pid,8408,Jordan Mason,8408,"('RB',)",SF,RB, [RB-SF],"rgb(92, 203, 184)","rgba(92,203,184,.1)"
pid,4988,Nick Chubb,4988,"('RB',)",CLE,RB, [RB-CLE],"rgb(92, 203, 184)","rgba(92,203,184,.1)"
pid,3969,Leonard Fournette,3969,"('RB',)",BUF,RB, [RB-BUF],"rgb(92, 203, 184)","rgba(92,203,184,.1)"
pid,10235,Roschon Johnson,10235,"('RB',)",CHI,RB, [RB-CHI],"rgb(92, 203, 184)","rgba(92,203,184,.1)"
pid,4018,Joe Mixon,4018,"('RB',)",CIN,RB, [RB-CIN],"rgb(92, 203, 184)","rgba(92,203,184,.1)"
pid,6845,Zack Moss,6845,"('RB',)",IND,RB, [RB-IND],"rgb(92, 203, 184)","rgba(92,203,184,.1)"
pid,6945,Antonio Gibson,6945,"('RB',)",WAS,RB, [RB-WAS],"rgb(92, 203, 184)","rgba(92,203,184,.1)"
pid,3164,Ezekiel Elliott,3164,"('RB',)",NE,RB, [RB-NE],"rgb(92, 203, 184)","rgba(92,203,184,.1)"
pid,2161,Jerick McKinnon,2161,"('RB',)",KC,RB, [RB-KC],"rgb(92, 203, 184)","rgba(92,203,184,.1)"
pid,4137,James Conner,4137,"('RB',)",ARI,RB, [RB-ARI],"rgb(92, 203, 184)","rgba(92,203,184,.1)"
pid,7794,Chris Evans,7794,"('RB',)",CIN,RB, [RB-CIN],"rgb(92, 203, 184)","rgba(92,203,184,.1)"
pid,5000,Chase Edmonds,5000,"('RB',)",TB,RB, [RB-TB],"rgb(92, 203, 184)","rgba(92,203,184,.1)"
pid,8155,Breece Hall,8155,"('RB',)",NYJ,RB, [RB-NYJ],"rgb(92, 203, 184)","rgba(92,203,184,.1)"
pid,9757,Kendre Miller,9757,"('RB',)",NO,RB, [RB-NO],"rgb(92, 203, 184)","rgba(92,203,184,.1)"
pid,9225,Tank Bigsby,9225,"('RB',)",JAX,RB, [RB-JAX],"rgb(92, 203, 184)","rgba(92,203,184,.1)"
pid,4199,Aaron Jones,4199,"('RB',)",GB,RB, [RB-GB],"rgb(92, 203, 184)","rgba(92,203,184,.1)"
pid,4147,Samaje Perine,4147,"('RB',)",DEN,RB, [RB-DEN],"rgb(92, 203, 184)","rgba(92,203,184,.1)"
pid,6820,Clyde Edwards-Helaire,6820,"('RB',)",KC,RB, [RB-KC],"rgb(92, 203, 184)","rgba(92,203,184,.1)"
pid,4149,Jamaal Williams,4149,"('RB',)",NO,RB, [RB-NO],"rgb(92, 203, 184)","rgba(92,203,184,.1)"
pid,4098,Kareem Hunt,4098,"('RB',)",CLE,RB, [RB-CLE],"rgb(92, 203, 184)","rgba(92,203,184,.1)"
pid,6938,Cam Akers,6938,"('RB',)",MIN,RB, [RB-MIN],"rgb(92, 203, 184)","rgba(92,203,184,.1)"
pid,7608,Khalil Herbert,7608,"('RB',)",CHI,RB, [RB-CHI],"rgb(92, 203, 184)","rgba(92,203,184,.1)"
pid,7593,Trey Sermon,7593,"('RB',)",IND,RB, [RB-IND],"rgb(92, 203, 184)","rgba(92,203,184,.1)"
pid,7588,Javonte Williams,7588,"('RB',)",DEN,RB, [RB-DEN],"rgb(92, 203, 184)","rgba(92,203,184,.1)"
pid,4035,Alvin Kamara,4035,"('RB',)",NO,RB, [RB-NO],"rgb(92, 203, 184)","rgba(92,203,184,.1)"
pid,9222,Zach Evans,9222,"('RB',)",LAR,RB, [RB-LAR],"rgb(92, 203, 184)","rgba(92,203,184,.1)"
pid,9224,Chase Brown,9224,"('RB',)",CIN,RB, [RB-CIN],"rgb(92, 203, 184)","rgba(92,203,184,.1)"
pid,8150,Kyren Williams,8150,"('RB',)",LAR,RB, [RB-LAR],"rgb(92, 203, 184)","rgba(92,203,184,.1)"
pid,7611,Rhamondre Stevenson,7611,"('RB',)",NE,RB, [RB-NE],"rgb(92, 203, 184)","rgba(92,203,184,.1)"
pid,7543,Travis Etienne,7543,"('RB',)",JAX,RB, [RB-JAX],"rgb(92, 203, 184)","rgba(92,203,184,.1)"
pid,2749,Raheem Mostert,2749,"('RB',)",MIA,RB, [RB-MIA],"rgb(92, 203, 184)","rgba(92,203,184,.1)"
pid,9512,DeWayne McBride,9512,"('RB',)",MIN,RB, [RB-MIN],"rgb(92, 203, 184)","rgba(92,203,184,.1)"
pid,7045,Joshua Kelley,7045,"('RB',)",LAC,RB, [RB-LAC],"rgb(92, 203, 184)","rgba(92,203,184,.1)"
pid,8138,James Cook,8138,"('RB',)",BUF,RB, [RB-BUF],"rgb(92, 203, 184)","rgba(92,203,184,.1)"
pid,6918,Salvon Ahmed,6918,"('RB',)",MIA,RB, [RB-MIA],"rgb(92, 203, 184)","rgba(92,203,184,.1)"
pid,7551,Deon Jackson,7551,"('RB',)",NYG,RB, [RB-NYG],"rgb(92, 203, 184)","rgba(92,203,184,.1)"
pid,4985,Rashaad Penny,4985,"('RB',)",PHI,RB, [RB-PHI],"rgb(92, 203, 184)","rgba(92,203,184,.1)"
pid,4866,Saquon Barkley,4866,"('RB',)",NYG,RB, [RB-NYG],"rgb(92, 203, 184)","rgba(92,203,184,.1)"
pid,5987,Alexander Mattison,5987,"('RB',)",MIN,RB, [RB-MIN],"rgb(92, 203, 184)","rgba(92,203,184,.1)"
pid,7021,Rico Dowdle,7021,"('RB',)",DAL,RB, [RB-DAL],"rgb(92, 203, 184)","rgba(92,203,184,.1)"
pid,1535,Cordarrelle Patterson,1535,"('RB',)",ATL,RB, [RB-ATL],"rgb(92, 203, 184)","rgba(92,203,184,.1)"
pid,6130,Devin Singletary,6130,"('RB',)",HOU,RB, [RB-HOU],"rgb(92, 203, 184)","rgba(92,203,184,.1)"
pid,8116,Pierre Strong,8116,"('RB',)",CLE,RB, [RB-CLE],"rgb(92, 203, 184)","rgba(92,203,184,.1)"
pid,5850,Josh Jacobs,5850,"('RB',)",LV,RB, [RB-LV],"rgb(92, 203, 184)","rgba(92,203,184,.1)"
pid,8800,Malik Davis,8800,"('RB',)",DAL,RB, [RB-DAL],"rgb(92, 203, 184)","rgba(92,203,184,.1)"
pid,8122,Zonovan Knight,8122,"('RB',)",DET,RB, [RB-DET],"rgb(92, 203, 184)","rgba(92,203,184,.1)"
pid,8228,Jaylen Warren,8228,"('RB',)",PIT,RB, [RB-PIT],"rgb(92, 203, 184)","rgba(92,203,184,.1)"
pid,5892,David Montgomery,5892,"('RB',)",DET,RB, [RB-DET],"rgb(92, 203, 184)","rgba(92,203,184,.1)"
pid,7567,Kenneth Gainwell,7567,"('RB',)",PHI,RB, [RB-PHI],"rgb(92, 203, 184)","rgba(92,203,184,.1)"
pid,5248,Gus Edwards,5248,"('RB',)",BAL,RB, [RB-BAL],"rgb(92, 203, 184)","rgba(92,203,184,.1)"
pid,10219,Chris Rodriguez,10219,"('RB',)",WAS,RB, [RB-WAS],"rgb(92, 203, 184)","rgba(92,203,184,.1)"
pid,5967,Tony Pollard,5967,"('RB',)",DAL,RB, [RB-DAL],"rgb(92, 203, 184)","rgba(92,203,184,.1)"
pid,6790,D'Andre Swift,6790,"('RB',)",PHI,RB, [RB-PHI],"rgb(92, 203, 184)","rgba(92,203,184,.1)"
pid,2359,Ameer Abdullah,2359,"('RB',)",LV,RB, [RB-LV],"rgb(92, 203, 184)","rgba(92,203,184,.1)"
pid,10216,Kenny McIntosh,10216,"('RB',)",SEA,RB, [RB-SEA],"rgb(92, 203, 184)","rgba(92,203,184,.1)"
pid,6151,Miles Sanders,6151,"('RB',)",CAR,RB, [RB-CAR],"rgb(92, 203, 184)","rgba(92,203,184,.1)"
pid,7528,Najee Harris,7528,"('RB',)",PIT,RB, [RB-PIT],"rgb(92, 203, 184)","rgba(92,203,184,.1)"
pid,8153,Isaiah Spiller,8153,"('RB',)",LAC,RB, [RB-LAC],"rgb(92, 203, 184)","rgba(92,203,184,.1)"
pid,4111,D'Onta Foreman,4111,"('RB',)",CHI,RB, [RB-CHI],"rgb(92, 203, 184)","rgba(92,203,184,.1)"
pid,8174,Kevin Harris,8174,"('RB',)",NE,RB, [RB-NE],"rgb(92, 203, 184)","rgba(92,203,184,.1)"
pid,8255,Raheem Blackshear,8255,"('RB',)",CAR,RB, [RB-CAR],"rgb(92, 203, 184)","rgba(92,203,184,.1)"
pid,7594,Chuba Hubbard,7594,"('RB',)",CAR,RB, [RB-CAR],"rgb(92, 203, 184)","rgba(92,203,184,.1)"
pid,9221,Jahmyr Gibbs,9221,"('RB',)",DET,RB, [RB-DET],"rgb(92, 203, 184)","rgba(92,203,184,.1)"
pid,9509,Bijan Robinson,9509,"('RB',)",ATL,RB, [RB-ATL],"rgb(92, 203, 184)","rgba(92,203,184,.1)"
pid,8143,Jerome Ford,8143,"('RB',)",CLE,RB, [RB-CLE],"rgb(92, 203, 184)","rgba(92,203,184,.1)"
pid,8154,Brian Robinson,8154,"('RB',)",WAS,RB, [RB-WAS],"rgb(92, 203, 184)","rgba(92,203,184,.1)"
pid,8136,Rachaad White,8136,"('RB',)",TB,RB, [RB-TB],"rgb(92, 203, 184)","rgba(92,203,184,.1)"
pid,9227,Israel Abanikanda,9227,"('RB',)",NYJ,RB, [RB-NYJ],"rgb(92, 203, 184)","rgba(92,203,184,.1)"
pid,5980,Myles Gaskin,5980,"('RB',)",MIN,RB, [RB-MIN],"rgb(92, 203, 184)","rgba(92,203,184,.1)"
pid,10223,Eric Gray,10223,"('RB',)",NYG,RB, [RB-NYG],"rgb(92, 203, 184)","rgba(92,203,184,.1)"
pid,8151,Kenneth Walker,8151,"('RB',)",SEA,RB, [RB-SEA],"rgb(92, 203, 184)","rgba(92,203,184,.1)"
pid,8221,Keaontay Ingram,8221,"('RB',)",KC,RB, [RB-KC],"rgb(92, 203, 184)","rgba(92,203,184,.1)"
pid,6955,James Robinson,6955,"('RB',)",NO,RB, [RB-NO],"rgb(92, 203, 184)","rgba(92,203,184,.1)"
pid,9511,Keaton Mitchell,9511,"('RB',)",BAL,RB, [RB-BAL],"rgb(92, 203, 184)","rgba(92,203,184,.1)"
pid,4663,Austin Ekeler,4663,"('RB',)",LAC,RB, [RB-LAC],"rgb(92, 203, 184)","rgba(92,203,184,.1)"
pid,8205,Isiah Pacheco,8205,"('RB',)",KC,RB, [RB-KC],"rgb(92, 203, 184)","rgba(92,203,184,.1)"
pid,7561,Elijah Mitchell,7561,"('RB',)",SF,RB, [RB-SF],"rgb(92, 203, 184)","rgba(92,203,184,.1)"
pid,11435,Emanuel Wilson,11435,"('RB',)",GB,RB, [RB-GB],"rgb(92, 203, 184)","rgba(92,203,184,.1)"
pid,7771,Jake Funk,7771,"('RB',)",BAL,RB, [RB-BAL],"rgb(92, 203, 184)","rgba(92,203,184,.1)"
pid,5995,Justice Hill,5995,"('RB',)",BAL,RB, [RB-BAL],"rgb(92, 203, 184)","rgba(92,203,184,.1)"
pid,2320,Melvin Gordon,2320,"('RB',)",BAL,RB, [RB-BAL],"rgb(92, 203, 184)","rgba(92,203,184,.1)"
pid,6984,Tony Jones,6984,"('RB',)",ARI,RB, [RB-ARI],"rgb(92, 203, 184)","rgba(92,203,184,.1)"
pid,6659,Craig Reynolds,6659,"('RB',)",DET,RB, [RB-DET],"rgb(92, 203, 184)","rgba(92,203,184,.1)"
pid,8195,Ronnie Rivers,8195,"('RB',)",LAR,RB, [RB-LAR],"rgb(92, 203, 184)","rgba(92,203,184,.1)"
pid,11199,Emari Demercado,11199,"('RB',)",ARI,RB, [RB-ARI],"rgb(92, 203, 184)","rgba(92,203,184,.1)"
pid,11370,Chris Brooks,11370,"('RB',)",MIA,RB, [RB-MIA],"rgb(92, 203, 184)","rgba(92,203,184,.1)"
pid,5046,Royce Freeman,5046,"('RB',)",LAR,RB, [RB-LAR],"rgb(92, 203, 184)","rgba(92,203,184,.1)"
pid,6694,D'Ernest Johnson,6694,"('RB',)",JAX,RB, [RB-JAX],"rgb(92, 203, 184)","rgba(92,203,184,.1)"
pid,6963,Patrick Taylor,6963,"('RB',)",GB,RB, [RB-GB],"rgb(92, 203, 184)","rgba(92,203,184,.1)"
pid,8207,Tyler Goodson,8207,"('RB',)",IND,RB, [RB-IND],"rgb(92, 203, 184)","rgba(92,203,184,.1)"
pid,6908,La'Mical Perine,6908,"('RB',)",KC,RB, [RB-KC],"rgb(92, 203, 184)","rgba(92,203,184,.1)"
pid,5916,Darrell Henderson,5916,"('RB',)",,RB, [RB-],"rgb(92, 203, 184)","rgba(92,203,184,.1)"
pid,3200,Sterling Shepard,3200,"('WR',)",NYG,WR, [WR-NYG],"rgb(106, 167, 248)","rgba(106,167,248,.1)"
pid,4951,DJ Chark,4951,"('WR',)",CAR,WR, [WR-CAR],"rgb(106, 167, 248)","rgba(106,167,248,.1)"
pid,7670,Joshua Palmer,7670,"('WR',)",LAC,WR, [WR-LAC],"rgb(106, 167, 248)","rgba(106,167,248,.1)"
pid,7090,Darnell Mooney,7090,"('WR',)",CHI,WR, [WR-CHI],"rgb(106, 167, 248)","rgba(106,167,248,.1)"
pid,5848,Marquise Brown,5848,"('WR',)",ARI,WR, [WR-ARI],"rgb(106, 167, 248)","rgba(106,167,248,.1)"
pid,6234,Deonte Harty,6234,"('WR',)",BUF,WR, [WR-BUF],"rgb(106, 167, 248)","rgba(106,167,248,.1)"
pid,2309,Amari Cooper,2309,"('WR',)",CLE,WR, [WR-CLE],"rgb(106, 167, 248)","rgba(106,167,248,.1)"
pid,928,Randall Cobb,928,"('WR',)",NYJ,WR, [WR-NYJ],"rgb(106, 167, 248)","rgba(106,167,248,.1)"
pid,3225,Tyler Boyd,3225,"('WR',)",CIN,WR, [WR-CIN],"rgb(106, 167, 248)","rgba(106,167,248,.1)"
pid,7526,Jaylen Waddle,7526,"('WR',)",MIA,WR, [WR-MIA],"rgb(106, 167, 248)","rgba(106,167,248,.1)"
pid,9488,Jaxon Smith-Njigba,9488,"('WR',)",SEA,WR, [WR-SEA],"rgb(106, 167, 248)","rgba(106,167,248,.1)"
pid,10228,Charlie Jones,10228,"('WR',)",CIN,WR, [WR-CIN],"rgb(106, 167, 248)","rgba(106,167,248,.1)"
pid,9487,Parker Washington,9487,"('WR',)",JAX,WR, [WR-JAX],"rgb(106, 167, 248)","rgba(106,167,248,.1)"
pid,8188,Tyquan Thornton,8188,"('WR',)",NE,WR, [WR-NE],"rgb(106, 167, 248)","rgba(106,167,248,.1)"
pid,7559,Ihmir Smith-Marsette,7559,"('WR',)",CAR,WR, [WR-CAR],"rgb(106, 167, 248)","rgba(106,167,248,.1)"
pid,6824,Donovan Peoples-Jones,6824,"('WR',)",DET,WR, [WR-DET],"rgb(106, 167, 248)","rgba(106,167,248,.1)"
pid,4039,Cooper Kupp,4039,"('WR',)",LAR,WR, [WR-LAR],"rgb(106, 167, 248)","rgba(106,167,248,.1)"
pid,8171,Kyle Philips,8171,"('WR',)",TEN,WR, [WR-TEN],"rgb(106, 167, 248)","rgba(106,167,248,.1)"
pid,6886,Chase Claypool,6886,"('WR',)",MIA,WR, [WR-MIA],"rgb(106, 167, 248)","rgba(106,167,248,.1)"
pid,2216,Mike Evans,2216,"('WR',)",TB,WR, [WR-TB],"rgb(106, 167, 248)","rgba(106,167,248,.1)"
pid,2133,Davante Adams,2133,"('WR',)",LV,WR, [WR-LV],"rgb(106, 167, 248)","rgba(106,167,248,.1)"
pid,7564,Ja'Marr Chase,7564,"('WR',)",CIN,WR, [WR-CIN],"rgb(106, 167, 248)","rgba(106,167,248,.1)"
pid,5185,Allen Lazard,5185,"('WR',)",NYJ,WR, [WR-NYJ],"rgb(106, 167, 248)","rgba(106,167,248,.1)"
pid,7066,K.J. Osborn,7066,"('WR',)",MIN,WR, [WR-MIN],"rgb(106, 167, 248)","rgba(106,167,248,.1)"
pid,7496,Nick Westbrook-Ikhine,7496,"('WR',)",TEN,WR, [WR-TEN],"rgb(106, 167, 248)","rgba(106,167,248,.1)"
pid,9997,Zay Flowers,9997,"('WR',)",BAL,WR, [WR-BAL],"rgb(106, 167, 248)","rgba(106,167,248,.1)"
pid,4080,Zay Jones,4080,"('WR',)",JAX,WR, [WR-JAX],"rgb(106, 167, 248)","rgba(106,167,248,.1)"
pid,8112,Drake London,8112,"('WR',)",ATL,WR, [WR-ATL],"rgb(106, 167, 248)","rgba(106,167,248,.1)"
pid,5937,Diontae Johnson,5937,"('WR',)",PIT,WR, [WR-PIT],"rgb(106, 167, 248)","rgba(106,167,248,.1)"
pid,7596,Elijah Moore,7596,"('WR',)",CLE,WR, [WR-CLE],"rgb(106, 167, 248)","rgba(106,167,248,.1)"
pid,5947,Jakobi Meyers,5947,"('WR',)",LV,WR, [WR-LV],"rgb(106, 167, 248)","rgba(106,167,248,.1)"
pid,9501,Demario Douglas,9501,"('WR',)",NE,WR, [WR-NE],"rgb(106, 167, 248)","rgba(106,167,248,.1)"
pid,8119,Jahan Dotson,8119,"('WR',)",WAS,WR, [WR-WAS],"rgb(106, 167, 248)","rgba(106,167,248,.1)"
pid,6803,Brandon Aiyuk,6803,"('WR',)",SF,WR, [WR-SF],"rgb(106, 167, 248)","rgba(106,167,248,.1)"
pid,4171,Josh Reynolds,4171,"('WR',)",DET,WR, [WR-DET],"rgb(106, 167, 248)","rgba(106,167,248,.1)"
pid,5872,Deebo Samuel,5872,"('WR',)",SF,WR, [WR-SF],"rgb(106, 167, 248)","rgba(106,167,248,.1)"
pid,4037,Chris Godwin,4037,"('WR',)",TB,WR, [WR-TB],"rgb(106, 167, 248)","rgba(106,167,248,.1)"
pid,2197,Brandin Cooks,2197,"('WR',)",DAL,WR, [WR-DAL],"rgb(106, 167, 248)","rgba(106,167,248,.1)"
pid,10222,Jayden Reed,10222,"('WR',)",GB,WR, [WR-GB],"rgb(106, 167, 248)","rgba(106,167,248,.1)"
pid,6783,Jerry Jeudy,6783,"('WR',)",DEN,WR, [WR-DEN],"rgb(106, 167, 248)","rgba(106,167,248,.1)"
pid,5038,Michael Gallup,5038,"('WR',)",DAL,WR, [WR-DAL],"rgb(106, 167, 248)","rgba(106,167,248,.1)"
pid,5846,DK Metcalf,5846,"('WR',)",SEA,WR, [WR-SEA],"rgb(106, 167, 248)","rgba(106,167,248,.1)"
pid,9495,Rakim Jarrett,9495,"('WR',)",TB,WR, [WR-TB],"rgb(106, 167, 248)","rgba(106,167,248,.1)"
pid,9502,Tank Dell,9502,"('WR',)",HOU,WR, [WR-HOU],"rgb(106, 167, 248)","rgba(106,167,248,.1)"
pid,11053,Antoine Green,11053,"('WR',)",DET,WR, [WR-DET],"rgb(106, 167, 248)","rgba(106,167,248,.1)"
pid,2319,DeVante Parker,2319,"('WR',)",NE,WR, [WR-NE],"rgb(106, 167, 248)","rgba(106,167,248,.1)"
pid,10444,Cedric Tillman,10444,"('WR',)",CLE,WR, [WR-CLE],"rgb(106, 167, 248)","rgba(106,167,248,.1)"
pid,9494,Marvin Mims,9494,"('WR',)",DEN,WR, [WR-DEN],"rgb(106, 167, 248)","rgba(106,167,248,.1)"
pid,10229,Rashee Rice,10229,"('WR',)",KC,WR, [WR-KC],"rgb(106, 167, 248)","rgba(106,167,248,.1)"
pid,2374,Tyler Lockett,2374,"('WR',)",SEA,WR, [WR-SEA],"rgb(106, 167, 248)","rgba(106,167,248,.1)"
pid,10221,Ronnie Bell,10221,"('WR',)",SF,WR, [WR-SF],"rgb(106, 167, 248)","rgba(106,167,248,.1)"
pid,6801,Tee Higgins,6801,"('WR',)",CIN,WR, [WR-CIN],"rgb(106, 167, 248)","rgba(106,167,248,.1)"
pid,5121,Braxton Berrios,5121,"('WR',)",MIA,WR, [WR-MIA],"rgb(106, 167, 248)","rgba(106,167,248,.1)"
pid,6149,Darius Slayton,6149,"('WR',)",NYG,WR, [WR-NYG],"rgb(106, 167, 248)","rgba(106,167,248,.1)"
pid,8126,Wan'Dale Robinson,8126,"('WR',)",NYG,WR, [WR-NYG],"rgb(106, 167, 248)","rgba(106,167,248,.1)"
pid,8144,Chris Olave,8144,"('WR',)",NO,WR, [WR-NO],"rgb(106, 167, 248)","rgba(106,167,248,.1)"
pid,5154,Trent Sherfield,5154,"('WR',)",BUF,WR, [WR-BUF],"rgb(106, 167, 248)","rgba(106,167,248,.1)"
pid,4950,Christian Kirk,4950,"('WR',)",JAX,WR, [WR-JAX],"rgb(106, 167, 248)","rgba(106,167,248,.1)"
pid,1352,Robert Woods,1352,"('WR',)",HOU,WR, [WR-HOU],"rgb(106, 167, 248)","rgba(106,167,248,.1)"
pid,4177,Mack Hollins,4177,"('WR',)",ATL,WR, [WR-ATL],"rgb(106, 167, 248)","rgba(106,167,248,.1)"
pid,4983,DJ Moore,4983,"('WR',)",CHI,WR, [WR-CHI],"rgb(106, 167, 248)","rgba(106,167,248,.1)"
pid,8142,Alec Pierce,8142,"('WR',)",IND,WR, [WR-IND],"rgb(106, 167, 248)","rgba(106,167,248,.1)"
pid,6847,Devin Duvernay,6847,"('WR',)",BAL,WR, [WR-BAL],"rgb(106, 167, 248)","rgba(106,167,248,.1)"
pid,4082,Curtis Samuel,4082,"('WR',)",WAS,WR, [WR-WAS],"rgb(106, 167, 248)","rgba(106,167,248,.1)"
pid,5137,Richie James,5137,"('WR',)",KC,WR, [WR-KC],"rgb(106, 167, 248)","rgba(106,167,248,.1)"
pid,7606,Kadarius Toney,7606,"('WR',)",KC,WR, [WR-KC],"rgb(106, 167, 248)","rgba(106,167,248,.1)"
pid,7049,Jauan Jennings,7049,"('WR',)",SF,WR, [WR-SF],"rgb(106, 167, 248)","rgba(106,167,248,.1)"
pid,9492,Trey Palmer,9492,"('WR',)",TB,WR, [WR-TB],"rgb(106, 167, 248)","rgba(106,167,248,.1)"
pid,9497,Jalin Hyatt,9497,"('WR',)",NYG,WR, [WR-NYG],"rgb(106, 167, 248)","rgba(106,167,248,.1)"
pid,7757,Ben Skowronek,7757,"('WR',)",LAR,WR, [WR-LAR],"rgb(106, 167, 248)","rgba(106,167,248,.1)"
pid,2449,Stefon Diggs,2449,"('WR',)",BUF,WR, [WR-BUF],"rgb(106, 167, 248)","rgba(106,167,248,.1)"
pid,5917,Mecole Hardman,5917,"('WR',)",KC,WR, [WR-KC],"rgb(106, 167, 248)","rgba(106,167,248,.1)"
pid,6920,Isaiah Hodgins,6920,"('WR',)",NYG,WR, [WR-NYG],"rgb(106, 167, 248)","rgba(106,167,248,.1)"
pid,5859,A.J. Brown,5859,"('WR',)",PHI,WR, [WR-PHI],"rgb(106, 167, 248)","rgba(106,167,248,.1)"
pid,8137,George Pickens,8137,"('WR',)",PIT,WR, [WR-PIT],"rgb(106, 167, 248)","rgba(106,167,248,.1)"
pid,7569,Nico Collins,7569,"('WR',)",HOU,WR, [WR-HOU],"rgb(106, 167, 248)","rgba(106,167,248,.1)"
pid,9486,Dontayvion Wicks,9486,"('WR',)",GB,WR, [WR-GB],"rgb(106, 167, 248)","rgba(106,167,248,.1)"
pid,8117,Jalen Tolbert,8117,"('WR',)",DAL,WR, [WR-DAL],"rgb(106, 167, 248)","rgba(106,167,248,.1)"
pid,8125,Calvin Austin,8125,"('WR',)",PIT,WR, [WR-PIT],"rgb(106, 167, 248)","rgba(106,167,248,.1)"
pid,3634,Kalif Raymond,3634,"('WR',)",DET,WR, [WR-DET],"rgb(106, 167, 248)","rgba(106,167,248,.1)"
pid,8147,John Metchie,8147,"('WR',)",HOU,WR, [WR-HOU],"rgb(106, 167, 248)","rgba(106,167,248,.1)"
pid,6927,Quez Watkins,6927,"('WR',)",PHI,WR, [WR-PHI],"rgb(106, 167, 248)","rgba(106,167,248,.1)"
pid,9504,Kayshon Boutte,9504,"('WR',)",NE,WR, [WR-NE],"rgb(106, 167, 248)","rgba(106,167,248,.1)"
pid,5086,Marquez Valdes-Scantling,5086,"('WR',)",KC,WR, [WR-KC],"rgb(106, 167, 248)","rgba(106,167,248,.1)"
pid,8168,Skyy Moore,8168,"('WR',)",KC,WR, [WR-KC],"rgb(106, 167, 248)","rgba(106,167,248,.1)"
pid,10218,Xavier Hutchinson,10218,"('WR',)",HOU,WR, [WR-HOU],"rgb(106, 167, 248)","rgba(106,167,248,.1)"
pid,7547,Amon-Ra St. Brown,7547,"('WR',)",DET,WR, [WR-DET],"rgb(106, 167, 248)","rgba(106,167,248,.1)"
pid,7565,Terrace Marshall,7565,"('WR',)",CAR,WR, [WR-CAR],"rgb(106, 167, 248)","rgba(106,167,248,.1)"
pid,1479,Keenan Allen,1479,"('WR',)",LAC,WR, [WR-LAC],"rgb(106, 167, 248)","rgba(106,167,248,.1)"
pid,1992,Allen Robinson,1992,"('WR',)",PIT,WR, [WR-PIT],"rgb(106, 167, 248)","rgba(106,167,248,.1)"
pid,5955,Hunter Renfrow,5955,"('WR',)",LV,WR, [WR-LV],"rgb(106, 167, 248)","rgba(106,167,248,.1)"
pid,8676,Rashid Shaheed,8676,"('WR',)",NO,WR, [WR-NO],"rgb(106, 167, 248)","rgba(106,167,248,.1)"
pid,4068,Mike Williams,4068,"('WR',)",LAC,WR, [WR-LAC],"rgb(106, 167, 248)","rgba(106,167,248,.1)"
pid,8135,Treylon Burks,8135,"('WR',)",TEN,WR, [WR-TEN],"rgb(106, 167, 248)","rgba(106,167,248,.1)"
pid,6819,Michael Pittman,6819,"('WR',)",IND,WR, [WR-IND],"rgb(106, 167, 248)","rgba(106,167,248,.1)"
pid,9500,Josh Downs,9500,"('WR',)",IND,WR, [WR-IND],"rgb(106, 167, 248)","rgba(106,167,248,.1)"
pid,4197,Isaiah McKenzie,4197,"('WR',)",IND,WR, [WR-IND],"rgb(106, 167, 248)","rgba(106,167,248,.1)"
pid,4454,Kendrick Bourne,4454,"('WR',)",NE,WR, [WR-NE],"rgb(106, 167, 248)","rgba(106,167,248,.1)"
pid,7571,Rashod Bateman,7571,"('WR',)",BAL,WR, [WR-BAL],"rgb(106, 167, 248)","rgba(106,167,248,.1)"
pid,8118,David Bell,8118,"('WR',)",CLE,WR, [WR-CLE],"rgb(106, 167, 248)","rgba(106,167,248,.1)"
pid,4351,Tim Patrick,4351,"('WR',)",DEN,WR, [WR-DEN],"rgb(106, 167, 248)","rgba(106,167,248,.1)"
pid,5110,Russell Gage,5110,"('WR',)",TB,WR, [WR-TB],"rgb(106, 167, 248)","rgba(106,167,248,.1)"
pid,7601,Rondale Moore,7601,"('WR',)",ARI,WR, [WR-ARI],"rgb(106, 167, 248)","rgba(106,167,248,.1)"
pid,6786,CeeDee Lamb,6786,"('WR',)",DAL,WR, [WR-DAL],"rgb(106, 167, 248)","rgba(106,167,248,.1)"
pid,5970,Greg Dortch,5970,"('WR',)",ARI,WR, [WR-ARI],"rgb(106, 167, 248)","rgba(106,167,248,.1)"
pid,3199,Michael Thomas,3199,"('WR',)",NO,WR, [WR-NO],"rgb(106, 167, 248)","rgba(106,167,248,.1)"
pid,9490,Tyler Scott,9490,"('WR',)",CHI,WR, [WR-CHI],"rgb(106, 167, 248)","rgba(106,167,248,.1)"
pid,10863,A.T. Perry,10863,"('WR',)",NO,WR, [WR-NO],"rgb(106, 167, 248)","rgba(106,167,248,.1)"
pid,5045,Courtland Sutton,5045,"('WR',)",DEN,WR, [WR-DEN],"rgb(106, 167, 248)","rgba(106,167,248,.1)"
pid,6794,Justin Jefferson,6794,"('WR',)",MIN,WR, [WR-MIN],"rgb(106, 167, 248)","rgba(106,167,248,.1)"
pid,5927,Terry McLaurin,5927,"('WR',)",WAS,WR, [WR-WAS],"rgb(106, 167, 248)","rgba(106,167,248,.1)"
pid,2078,Odell Beckham,2078,"('WR',)",BAL,WR, [WR-BAL],"rgb(106, 167, 248)","rgba(106,167,248,.1)"
pid,7525,DeVonta Smith,7525,"('WR',)",PHI,WR, [WR-PHI],"rgb(106, 167, 248)","rgba(106,167,248,.1)"
pid,4981,Calvin Ridley,4981,"('WR',)",JAX,WR, [WR-JAX],"rgb(106, 167, 248)","rgba(106,167,248,.1)"
pid,4040,JuJu Smith-Schuster,4040,"('WR',)",NE,WR, [WR-NE],"rgb(106, 167, 248)","rgba(106,167,248,.1)"
pid,6989,Marquez Callaway,6989,"('WR',)",NO,WR, [WR-NO],"rgb(106, 167, 248)","rgba(106,167,248,.1)"
pid,1426,DeAndre Hopkins,1426,"('WR',)",TEN,WR, [WR-TEN],"rgb(106, 167, 248)","rgba(106,167,248,.1)"
pid,6805,KJ Hamler,6805,"('WR',)",IND,WR, [WR-IND],"rgb(106, 167, 248)","rgba(106,167,248,.1)"
pid,9754,Quentin Johnston,9754,"('WR',)",LAC,WR, [WR-LAC],"rgb(106, 167, 248)","rgba(106,167,248,.1)"
pid,10234,Derius Davis,10234,"('WR',)",LAC,WR, [WR-LAC],"rgb(106, 167, 248)","rgba(106,167,248,.1)"
pid,1689,Adam Thielen,1689,"('WR',)",CAR,WR, [WR-CAR],"rgb(106, 167, 248)","rgba(106,167,248,.1)"
pid,10213,Tre Tucker,10213,"('WR',)",LV,WR, [WR-LV],"rgb(106, 167, 248)","rgba(106,167,248,.1)"
pid,9493,Puka Nacua,9493,"('WR',)",LAR,WR, [WR-LAR],"rgb(106, 167, 248)","rgba(106,167,248,.1)"
pid,7562,Tutu Atwell,7562,"('WR',)",LAR,WR, [WR-LAR],"rgb(106, 167, 248)","rgba(106,167,248,.1)"
pid,8146,Garrett Wilson,8146,"('WR',)",NYJ,WR, [WR-NYJ],"rgb(106, 167, 248)","rgba(106,167,248,.1)"
pid,10232,Michael Wilson,10232,"('WR',)",ARI,WR, [WR-ARI],"rgb(106, 167, 248)","rgba(106,167,248,.1)"
pid,8134,Khalil Shakir,8134,"('WR',)",BUF,WR, [WR-BUF],"rgb(106, 167, 248)","rgba(106,167,248,.1)"
pid,6814,Laviska Shenault,6814,"('WR',)",CAR,WR, [WR-CAR],"rgb(106, 167, 248)","rgba(106,167,248,.1)"
pid,9756,Jordan Addison,9756,"('WR',)",MIN,WR, [WR-MIN],"rgb(106, 167, 248)","rgba(106,167,248,.1)"
pid,5880,Parris Campbell,5880,"('WR',)",NYG,WR, [WR-NYG],"rgb(106, 167, 248)","rgba(106,167,248,.1)"
pid,8140,Justyn Ross,8140,"('WR',)",KC,WR, [WR-KC],"rgb(106, 167, 248)","rgba(106,167,248,.1)"
pid,6853,Van Jefferson,6853,"('WR',)",ATL,WR, [WR-ATL],"rgb(106, 167, 248)","rgba(106,167,248,.1)"
pid,9489,Justin Shorter,9489,"('WR',)",BUF,WR, [WR-BUF],"rgb(106, 167, 248)","rgba(106,167,248,.1)"
pid,8121,Romeo Doubs,8121,"('WR',)",GB,WR, [WR-GB],"rgb(106, 167, 248)","rgba(106,167,248,.1)"
pid,6943,Gabe Davis,6943,"('WR',)",BUF,WR, [WR-BUF],"rgb(106, 167, 248)","rgba(106,167,248,.1)"
pid,8148,Jameson Williams,8148,"('WR',)",DET,WR, [WR-DET],"rgb(106, 167, 248)","rgba(106,167,248,.1)"
pid,10225,Jonathan Mingo,10225,"('WR',)",CAR,WR, [WR-CAR],"rgb(106, 167, 248)","rgba(106,167,248,.1)"
pid,3321,Tyreek Hill,3321,"('WR',)",MIA,WR, [WR-MIA],"rgb(106, 167, 248)","rgba(106,167,248,.1)"
pid,8167,Christian Watson,8167,"('WR',)",GB,WR, [WR-GB],"rgb(106, 167, 248)","rgba(106,167,248,.1)"
pid,7587,Dyami Brown,7587,"('WR',)",WAS,WR, [WR-WAS],"rgb(106, 167, 248)","rgba(106,167,248,.1)"
pid,5374,Justin Watson,5374,"('WR',)",KC,WR, [WR-KC],"rgb(106, 167, 248)","rgba(106,167,248,.1)"
pid,2325,Nelson Agholor,2325,"('WR',)",BAL,WR, [WR-BAL],"rgb(106, 167, 248)","rgba(106,167,248,.1)"
pid,8756,Brandon Johnson,8756,"('WR',)",DEN,WR, [WR-DEN],"rgb(106, 167, 248)","rgba(106,167,248,.1)"
pid,6271,Olamide Zaccheaus,6271,"('WR',)",PHI,WR, [WR-PHI],"rgb(106, 167, 248)","rgba(106,167,248,.1)"
pid,8253,Deven Thompkins,8253,"('WR',)",TB,WR, [WR-TB],"rgb(106, 167, 248)","rgba(106,167,248,.1)"
pid,5695,Brandon Powell,5695,"('WR',)",MIN,WR, [WR-MIN],"rgb(106, 167, 248)","rgba(106,167,248,.1)"
pid,6598,Trenton Irwin,6598,"('WR',)",CIN,WR, [WR-CIN],"rgb(106, 167, 248)","rgba(106,167,248,.1)"
pid,947,Julio Jones,947,"('WR',)",PHI,WR, [WR-PHI],"rgb(106, 167, 248)","rgba(106,167,248,.1)"
pid,10867,Jake Bobo,10867,"('WR',)",SEA,WR, [WR-SEA],"rgb(106, 167, 248)","rgba(106,167,248,.1)"
pid,4234,Noah Brown,4234,"('WR',)",HOU,WR, [WR-HOU],"rgb(106, 167, 248)","rgba(106,167,248,.1)"
pid,2410,Jamison Crowder,2410,"('WR',)",WAS,WR, [WR-WAS],"rgb(106, 167, 248)","rgba(106,167,248,.1)"
pid,6421,Jalen Guyton,6421,"('WR',)",LAC,WR, [WR-LAC],"rgb(106, 167, 248)","rgba(106,167,248,.1)"
pid,11311,Jason Brownlee,11311,"('WR',)",NYJ,WR, [WR-NYJ],"rgb(106, 167, 248)","rgba(106,167,248,.1)"
pid,5113,Cedrick Wilson,5113,"('WR',)",MIA,WR, [WR-MIA],"rgb(106, 167, 248)","rgba(106,167,248,.1)"
pid,11306,Xavier Gipson,11306,"('WR',)",NYJ,WR, [WR-NYJ],"rgb(106, 167, 248)","rgba(106,167,248,.1)"
pid,3286,Demarcus Robinson,3286,"('WR',)",LAR,WR, [WR-LAR],"rgb(106, 167, 248)","rgba(106,167,248,.1)"
pid,10226,Andrei Iosivas,10226,"('WR',)",CIN,WR, [WR-CIN],"rgb(106, 167, 248)","rgba(106,167,248,.1)"
pid,1067,Marvin Jones,1067,"('WR',)",,WR, [WR-],"rgb(106, 167, 248)","rgba(106,167,248,.1)"
pid,5001,Dalton Schultz,5001,"('TE',)",HOU,TE, [TE-HOU],"rgb(244, 176, 103)","rgba(244,176,103,.1)"
pid,10231,Elijah Higgins,10231,"('TE',)",ARI,TE, [TE-ARI],"rgb(244, 176, 103)","rgba(244,176,103,.1)"
pid,5012,Mark Andrews,5012,"('TE',)",BAL,TE, [TE-BAL],"rgb(244, 176, 103)","rgba(244,176,103,.1)"
pid,5133,Tyler Conklin,5133,"('TE',)",NYJ,TE, [TE-NYJ],"rgb(244, 176, 103)","rgba(244,176,103,.1)"
pid,8131,Isaiah Likely,8131,"('TE',)",BAL,TE, [TE-BAL],"rgb(244, 176, 103)","rgba(244,176,103,.1)"
pid,9481,Luke Musgrave,9481,"('TE',)",GB,TE, [TE-GB],"rgb(244, 176, 103)","rgba(244,176,103,.1)"
pid,9479,Darnell Washington,9479,"('TE',)",PIT,TE, [TE-PIT],"rgb(244, 176, 103)","rgba(244,176,103,.1)"
pid,10859,Sam LaPorta,10859,"('TE',)",DET,TE, [TE-DET],"rgb(244, 176, 103)","rgba(244,176,103,.1)"
pid,4089,Gerald Everett,4089,"('TE',)",LAC,TE, [TE-LAC],"rgb(244, 176, 103)","rgba(244,176,103,.1)"
pid,6074,Donald Parham,6074,"('TE',)",LAC,TE, [TE-LAC],"rgb(244, 176, 103)","rgba(244,176,103,.1)"
pid,3214,Hunter Henry,3214,"('TE',)",NE,TE, [TE-NE],"rgb(244, 176, 103)","rgba(244,176,103,.1)"
pid,3271,Tyler Higbee,3271,"('TE',)",LAR,TE, [TE-LAR],"rgb(244, 176, 103)","rgba(244,176,103,.1)"
pid,5906,Dawson Knox,5906,"('TE',)",BUF,TE, [TE-BUF],"rgb(244, 176, 103)","rgba(244,176,103,.1)"
pid,1466,Travis Kelce,1466,"('TE',)",KC,TE, [TE-KC],"rgb(244, 176, 103)","rgba(244,176,103,.1)"
pid,4217,George Kittle,4217,"('TE',)",SF,TE, [TE-SF],"rgb(244, 176, 103)","rgba(244,176,103,.1)"
pid,6869,Adam Trautman,6869,"('TE',)",DEN,TE, [TE-DEN],"rgb(244, 176, 103)","rgba(244,176,103,.1)"
pid,4973,Hayden Hurst,4973,"('TE',)",CAR,TE, [TE-CAR],"rgb(244, 176, 103)","rgba(244,176,103,.1)"
pid,4033,David Njoku,4033,"('TE',)",CLE,TE, [TE-CLE],"rgb(244, 176, 103)","rgba(244,176,103,.1)"
pid,10210,Cameron Latu,10210,"('TE',)",SF,TE, [TE-SF],"rgb(244, 176, 103)","rgba(244,176,103,.1)"
pid,4066,Evan Engram,4066,"('TE',)",JAX,TE, [TE-JAX],"rgb(244, 176, 103)","rgba(244,176,103,.1)"
pid,9483,Zack Kuntz,9483,"('TE',)",NYJ,TE, [TE-NYJ],"rgb(244, 176, 103)","rgba(244,176,103,.1)"
pid,4054,Mo Alie-Cox,4054,"('TE',)",IND,TE, [TE-IND],"rgb(244, 176, 103)","rgba(244,176,103,.1)"
pid,10871,Luke Schoonmaker,10871,"('TE',)",DAL,TE, [TE-DAL],"rgb(244, 176, 103)","rgba(244,176,103,.1)"
pid,3202,Austin Hooper,3202,"('TE',)",LV,TE, [TE-LV],"rgb(244, 176, 103)","rgba(244,176,103,.1)"
pid,10236,Dalton Kincaid,10236,"('TE',)",BUF,TE, [TE-BUF],"rgb(244, 176, 103)","rgba(244,176,103,.1)"
pid,5844,T.J. Hockenson,5844,"('TE',)",MIN,TE, [TE-MIN],"rgb(244, 176, 103)","rgba(244,176,103,.1)"
pid,8219,Jelani Woods,8219,"('TE',)",IND,TE, [TE-IND],"rgb(244, 176, 103)","rgba(244,176,103,.1)"
pid,8130,Trey McBride,8130,"('TE',)",ARI,TE, [TE-ARI],"rgb(244, 176, 103)","rgba(244,176,103,.1)"
pid,8225,Daniel Bellinger,8225,"('TE',)",NYG,TE, [TE-NYG],"rgb(244, 176, 103)","rgba(244,176,103,.1)"
pid,8111,Cade Otton,8111,"('TE',)",TB,TE, [TE-TB],"rgb(244, 176, 103)","rgba(244,176,103,.1)"
pid,2505,Darren Waller,2505,"('TE',)",NYG,TE, [TE-NYG],"rgb(244, 176, 103)","rgba(244,176,103,.1)"
pid,5985,Foster Moreau,5985,"('TE',)",NO,TE, [TE-NO],"rgb(244, 176, 103)","rgba(244,176,103,.1)"
pid,4993,Mike Gesicki,4993,"('TE',)",NE,TE, [TE-NE],"rgb(244, 176, 103)","rgba(244,176,103,.1)"
pid,7553,Kyle Pitts,7553,"('TE',)",ATL,TE, [TE-ATL],"rgb(244, 176, 103)","rgba(244,176,103,.1)"
pid,7002,Juwan Johnson,7002,"('TE',)",NO,TE, [TE-NO],"rgb(244, 176, 103)","rgba(244,176,103,.1)"
pid,9482,Michael Mayer,9482,"('TE',)",LV,TE, [TE-LV],"rgb(244, 176, 103)","rgba(244,176,103,.1)"
pid,7568,Brevin Jordan,7568,"('TE',)",HOU,TE, [TE-HOU],"rgb(244, 176, 103)","rgba(244,176,103,.1)"
pid,8110,Jake Ferguson,8110,"('TE',)",DAL,TE, [TE-DAL],"rgb(244, 176, 103)","rgba(244,176,103,.1)"
pid,2460,C.J. Uzomah,2460,"('TE',)",NYJ,TE, [TE-NYJ],"rgb(244, 176, 103)","rgba(244,176,103,.1)"
pid,6126,Irv Smith,6126,"('TE',)",CIN,TE, [TE-CIN],"rgb(244, 176, 103)","rgba(244,176,103,.1)"
pid,5008,Durham Smythe,5008,"('TE',)",MIA,TE, [TE-MIA],"rgb(244, 176, 103)","rgba(244,176,103,.1)"
pid,5857,Noah Fant,5857,"('TE',)",SEA,TE, [TE-SEA],"rgb(244, 176, 103)","rgba(244,176,103,.1)"
pid,6826,Cole Kmet,6826,"('TE',)",CHI,TE, [TE-CHI],"rgb(244, 176, 103)","rgba(244,176,103,.1)"
pid,4602,Robert Tonyan,4602,"('TE',)",CHI,TE, [TE-CHI],"rgb(244, 176, 103)","rgba(244,176,103,.1)"
pid,9484,Tucker Kraft,9484,"('TE',)",GB,TE, [TE-GB],"rgb(244, 176, 103)","rgba(244,176,103,.1)"
pid,2251,Logan Thomas,2251,"('TE',)",WAS,TE, [TE-WAS],"rgb(244, 176, 103)","rgba(244,176,103,.1)"
pid,8214,Cole Turner,8214,"('TE',)",WAS,TE, [TE-WAS],"rgb(244, 176, 103)","rgba(244,176,103,.1)"
pid,7600,Pat Freiermuth,7600,"('TE',)",PIT,TE, [TE-PIT],"rgb(244, 176, 103)","rgba(244,176,103,.1)"
pid,5022,Dallas Goedert,5022,"('TE',)",PHI,TE, [TE-PHI],"rgb(244, 176, 103)","rgba(244,176,103,.1)"
pid,9480,Brenton Strange,9480,"('TE',)",JAX,TE, [TE-JAX],"rgb(244, 176, 103)","rgba(244,176,103,.1)"
pid,7828,Noah Gray,7828,"('TE',)",KC,TE, [TE-KC],"rgb(244, 176, 103)","rgba(244,176,103,.1)"
pid,8210,Chigoziem Okonkwo,8210,"('TE',)",TEN,TE, [TE-TEN],"rgb(244, 176, 103)","rgba(244,176,103,.1)"
pid,8172,Greg Dulcich,8172,"('TE',)",DEN,TE, [TE-DEN],"rgb(244, 176, 103)","rgba(244,176,103,.1)"
pid,5010,Will Dissly,5010,"('TE',)",SEA,TE, [TE-SEA],"rgb(244, 176, 103)","rgba(244,176,103,.1)"
pid,5032,Jordan Akins,5032,"('TE',)",CLE,TE, [TE-CLE],"rgb(244, 176, 103)","rgba(244,176,103,.1)"
pid,7602,Kylen Granson,7602,"('TE',)",IND,TE, [TE-IND],"rgb(244, 176, 103)","rgba(244,176,103,.1)"
pid,4144,Jonnu Smith,4144,"('TE',)",ATL,TE, [TE-ATL],"rgb(244, 176, 103)","rgba(244,176,103,.1)"
pid,7694,Tommy Tremble,7694,"('TE',)",CAR,TE, [TE-CAR],"rgb(244, 176, 103)","rgba(244,176,103,.1)"
pid,4443,Pharaoh Brown,4443,"('TE',)",NE,TE, [TE-NE],"rgb(244, 176, 103)","rgba(244,176,103,.1)"
pid,5409,Tanner Hudson,5409,"('TE',)",CIN,TE, [TE-CIN],"rgb(244, 176, 103)","rgba(244,176,103,.1)"
pid,10214,Davis Allen,10214,"('TE',)",LAR,TE, [TE-LAR],"rgb(244, 176, 103)","rgba(244,176,103,.1)"
pid,1339,Zach Ertz,1339,"('TE',)",,TE, [TE-],"rgb(244, 176, 103)","rgba(244,176,103,.1)"
pid,4381,Taysom Hill,4381,"('TE', 'QB')",NO,TE/QB, [TE/QB-NO],"rgb(244, 176, 103)","rgba(244,176,103,.1)"
pid,6124,Montez Sweat,6124,"('DL',)",CHI,DL, [DL-CHI],"rgb(239, 128, 99)","rgba(239,128,99,.1)"
pid,8325,Arnold Ebiketie,8325,"('DL',)",ATL,DL, [DL-ATL],"rgb(239, 128, 99)","rgba(239,128,99,.1)"
pid,5816,Nick Bosa,5816,"('DL',)",SF,DL, [DL-SF],"rgb(239, 128, 99)","rgba(239,128,99,.1)"
pid,5862,Brian Burns,5862,"('DL',)",CAR,DL, [DL-CAR],"rgb(239, 128, 99)","rgba(239,128,99,.1)"
pid,5841,Ed Oliver,5841,"('DL',)",BUF,DL, [DL-BUF],"rgb(239, 128, 99)","rgba(239,128,99,.1)"
pid,2311,Leonard Williams,2311,"('DL',)",SEA,DL, [DL-SEA],"rgb(239, 128, 99)","rgba(239,128,99,.1)"
pid,2227,Aaron Donald,2227,"('DL',)",LAR,DL, [DL-LAR],"rgb(239, 128, 99)","rgba(239,128,99,.1)"
pid,5865,Dre'Mont Jones,5865,"('DL',)",SEA,DL, [DL-SEA],"rgb(239, 128, 99)","rgba(239,128,99,.1)"
pid,4999,Josh Sweat,4999,"('DL',)",PHI,DL, [DL-PHI],"rgb(239, 128, 99)","rgba(239,128,99,.1)"
pid,8270,Devonte Wyatt,8270,"('DL',)",GB,DL, [DL-GB],"rgb(239, 128, 99)","rgba(239,128,99,.1)"
pid,8351,Drake Jackson,8351,"('DL',)",SF,DL, [DL-SF],"rgb(239, 128, 99)","rgba(239,128,99,.1)"
pid,2322,Arik Armstead,2322,"('DL',)",SF,DL, [DL-SF],"rgb(239, 128, 99)","rgba(239,128,99,.1)"
pid,7664,Christian Barmore,7664,"('DL',)",NE,DL, [DL-NE],"rgb(239, 128, 99)","rgba(239,128,99,.1)"
pid,6784,Derrick Brown,6784,"('DL',)",CAR,DL, [DL-CAR],"rgb(239, 128, 99)","rgba(239,128,99,.1)"
pid,10911,Derick Hall,10911,"('DL',)",SEA,DL, [DL-SEA],"rgb(239, 128, 99)","rgba(239,128,99,.1)"
pid,3172,DeForest Buckner,3172,"('DL',)",IND,DL, [DL-IND],"rgb(239, 128, 99)","rgba(239,128,99,.1)"
pid,3238,Yannick Ngakoue,3238,"('DL',)",CHI,DL, [DL-CHI],"rgb(239, 128, 99)","rgba(239,128,99,.1)"
pid,5842,Clelin Ferrell,5842,"('DL',)",SF,DL, [DL-SF],"rgb(239, 128, 99)","rgba(239,128,99,.1)"
pid,843,Cameron Heyward,843,"('DL',)",PIT,DL, [DL-PIT],"rgb(239, 128, 99)","rgba(239,128,99,.1)"
pid,957,Cameron Jordan,957,"('DL',)",NO,DL, [DL-NO],"rgb(239, 128, 99)","rgba(239,128,99,.1)"
pid,10877,Mazi Smith,10877,"('DL',)",DAL,DL, [DL-DAL],"rgb(239, 128, 99)","rgba(239,128,99,.1)"
pid,6120,Christian Wilkins,6120,"('DL',)",MIA,DL, [DL-MIA],"rgb(239, 128, 99)","rgba(239,128,99,.1)"
pid,10879,Calijah Kancey,10879,"('DL',)",TB,DL, [DL-TB],"rgb(239, 128, 99)","rgba(239,128,99,.1)"
pid,3256,Javon Hargrave,3256,"('DL',)",SF,DL, [DL-SF],"rgb(239, 128, 99)","rgba(239,128,99,.1)"
pid,3186,Kenny Clark,3186,"('DL',)",GB,DL, [DL-GB],"rgb(239, 128, 99)","rgba(239,128,99,.1)"
pid,4174,Deatrich Wise,4174,"('DL',)",NE,DL, [DL-NE],"rgb(239, 128, 99)","rgba(239,128,99,.1)"
pid,3558,Chris Jones,3558,"('DL',)",KC,DL, [DL-KC],"rgb(239, 128, 99)","rgba(239,128,99,.1)"
pid,5330,Dorance Armstrong,5330,"('DL',)",DAL,DL, [DL-DAL],"rgb(239, 128, 99)","rgba(239,128,99,.1)"
pid,4168,Grover Stewart,4168,"('DL',)",IND,DL, [DL-IND],"rgb(239, 128, 99)","rgba(239,128,99,.1)"
pid,4148,Carl Lawson,4148,"('DL',)",NYJ,DL, [DL-NYJ],"rgb(239, 128, 99)","rgba(239,128,99,.1)"
pid,5871,Zach Allen,5871,"('DL',)",DEN,DL, [DL-DEN],"rgb(239, 128, 99)","rgba(239,128,99,.1)"
pid,2365,Randy Gregory,2365,"('DL',)",SF,DL, [DL-SF],"rgb(239, 128, 99)","rgba(239,128,99,.1)"
pid,10908,BJ Ojulari,10908,"('DL',)",ARI,DL, [DL-ARI],"rgb(239, 128, 99)","rgba(239,128,99,.1)"
pid,3973,Myles Garrett,3973,"('DL',)",CLE,DL, [DL-CLE],"rgb(239, 128, 99)","rgba(239,128,99,.1)"
pid,6782,Chase Young,6782,"('DL',)",SF,DL, [DL-SF],"rgb(239, 128, 99)","rgba(239,128,99,.1)"
pid,6125,Jeffery Simmons,6125,"('DL',)",TEN,DL, [DL-TEN],"rgb(239, 128, 99)","rgba(239,128,99,.1)"
pid,5297,Zach Sieler,5297,"('DL',)",MIA,DL, [DL-MIA],"rgb(239, 128, 99)","rgba(239,128,99,.1)"
pid,583,Brandon Graham,583,"('DL',)",PHI,DL, [DL-PHI],"rgb(239, 128, 99)","rgba(239,128,99,.1)"
pid,2027,Denico Autry,2027,"('DL',)",TEN,DL, [DL-TEN],"rgb(239, 128, 99)","rgba(239,128,99,.1)"
pid,5847,Dexter Lawrence,5847,"('DL',)",NYG,DL, [DL-NYG],"rgb(239, 128, 99)","rgba(239,128,99,.1)"
pid,5020,B.J. Hill,5020,"('DL',)",CIN,DL, [DL-CIN],"rgb(239, 128, 99)","rgba(239,128,99,.1)"
pid,5991,Maxx Crosby,5991,"('DL',)",LV,DL, [DL-LV],"rgb(239, 128, 99)","rgba(239,128,99,.1)"
pid,6818,Justin Madubuike,6818,"('DL',)",BAL,DL, [DL-BAL],"rgb(239, 128, 99)","rgba(239,128,99,.1)"
pid,2064,DeMarcus Lawrence,2064,"('DL',)",DAL,DL, [DL-DAL],"rgb(239, 128, 99)","rgba(239,128,99,.1)"
pid,10872,Felix Anudike-Uzomah,10872,"('DL',)",KC,DL, [DL-KC],"rgb(239, 128, 99)","rgba(239,128,99,.1)"
pid,10909,Isaiah Foskey,10909,"('DL',)",NO,DL, [DL-NO],"rgb(239, 128, 99)","rgba(239,128,99,.1)"
pid,10888,Jalen Carter,10888,"('DL',)",PHI,DL, [DL-PHI],"rgb(239, 128, 99)","rgba(239,128,99,.1)"
pid,7633,Kwity Paye,7633,"('DL',)",IND,DL, [DL-IND],"rgb(239, 128, 99)","rgba(239,128,99,.1)"
pid,10885,Lukas Van Ness,10885,"('DL',)",GB,DL, [DL-GB],"rgb(239, 128, 99)","rgba(239,128,99,.1)"
pid,8368,Sam Williams,8368,"('DL',)",DAL,DL, [DL-DAL],"rgb(239, 128, 99)","rgba(239,128,99,.1)"
pid,10904,Keion White,10904,"('DL',)",NE,DL, [DL-NE],"rgb(239, 128, 99)","rgba(239,128,99,.1)"
pid,8289,Aidan Hutchinson,8289,"('DL',)",DET,DL, [DL-DET],"rgb(239, 128, 99)","rgba(239,128,99,.1)"
pid,4032,Jonathan Allen,4032,"('DL',)",WAS,DL, [DL-WAS],"rgb(239, 128, 99)","rgba(239,128,99,.1)"
pid,6177,Khalen Saunders,6177,"('DL',)",NO,DL, [DL-NO],"rgb(239, 128, 99)","rgba(239,128,99,.1)"
pid,2592,Grady Jarrett,2592,"('DL',)",ATL,DL, [DL-ATL],"rgb(239, 128, 99)","rgba(239,128,99,.1)"
pid,5015,Sam Hubbard,5015,"('DL',)",CIN,DL, [DL-CIN],"rgb(239, 128, 99)","rgba(239,128,99,.1)"
pid,10874,Bryan Bresee,10874,"('DL',)",NO,DL, [DL-NO],"rgb(239, 128, 99)","rgba(239,128,99,.1)"
pid,4965,Marcus Davenport,4965,"('DL',)",MIN,DL, [DL-MIN],"rgb(239, 128, 99)","rgba(239,128,99,.1)"
pid,4976,Daron Payne,4976,"('DL',)",WAS,DL, [DL-WAS],"rgb(239, 128, 99)","rgba(239,128,99,.1)"
pid,7627,Greg Rousseau,7627,"('DL',)",BUF,DL, [DL-BUF],"rgb(239, 128, 99)","rgba(239,128,99,.1)"
pid,8385,George Karlaftis,8385,"('DL',)",KC,DL, [DL-KC],"rgb(239, 128, 99)","rgba(239,128,99,.1)"
pid,6118,Quinnen Williams,6118,"('DL',)",NYJ,DL, [DL-NYJ],"rgb(239, 128, 99)","rgba(239,128,99,.1)"
pid,8269,Jordan Davis,8269,"('DL',)",PHI,DL, [DL-PHI],"rgb(239, 128, 99)","rgba(239,128,99,.1)"
pid,4135,Trey Hendrickson,4135,"('DL',)",CIN,DL, [DL-CIN],"rgb(239, 128, 99)","rgba(239,128,99,.1)"
pid,4106,Larry Ogunjobi,4106,"('DL',)",PIT,DL, [DL-PIT],"rgb(239, 128, 99)","rgba(239,128,99,.1)"
pid,4969,Vita Vea,4969,"('DL',)",TB,DL, [DL-TB],"rgb(239, 128, 99)","rgba(239,128,99,.1)"
pid,5049,Harrison Phillips,5049,"('DL',)",MIN,DL, [DL-MIN],"rgb(239, 128, 99)","rgba(239,128,99,.1)"
pid,7765,Jonathon Cooper,7765,"('DL',)",DEN,DL, [DL-DEN],"rgb(239, 128, 99)","rgba(239,128,99,.1)"
pid,7695,Osa Odighizuwa,7695,"('DL',)",DAL,DL, [DL-DAL],"rgb(239, 128, 99)","rgba(239,128,99,.1)"
pid,3220,Jarran Reed,3220,"('DL',)",SEA,DL, [DL-SEA],"rgb(239, 128, 99)","rgba(239,128,99,.1)"
pid,6958,Mike Danna,6958,"('DL',)",KC,DL, [DL-KC],"rgb(239, 128, 99)","rgba(239,128,99,.1)"
pid,6802,A.J. Epenesa,6802,"('DL',)",BUF,DL, [DL-BUF],"rgb(239, 128, 99)","rgba(239,128,99,.1)"
pid,3281,David Onyemata,3281,"('DL',)",ATL,DL, [DL-ATL],"rgb(239, 128, 99)","rgba(239,128,99,.1)"
pid,1932,DaQuan Jones,1932,"('DL',)",BUF,DL, [DL-BUF],"rgb(239, 128, 99)","rgba(239,128,99,.1)"
pid,7649,Dayo Odeyingbo,7649,"('DL',)",IND,DL, [DL-IND],"rgb(239, 128, 99)","rgba(239,128,99,.1)"
pid,3188,Sheldon Rankins,3188,"('DL',)",HOU,DL, [DL-HOU],"rgb(239, 128, 99)","rgba(239,128,99,.1)"
pid,10916,Kobie Turner,10916,"('DL',)",LAR,DL, [DL-LAR],"rgb(239, 128, 99)","rgba(239,128,99,.1)"
pid,4065,Derek Barnett,4065,"('DL',)",HOU,DL, [DL-HOU],"rgb(239, 128, 99)","rgba(239,128,99,.1)"
pid,7676,Malcolm Koonce,7676,"('DL',)",LV,DL, [DL-LV],"rgb(239, 128, 99)","rgba(239,128,99,.1)"
pid,7030,Casey Toohill,7030,"('DL',)",WAS,DL, [DL-WAS],"rgb(239, 128, 99)","rgba(239,128,99,.1)"
pid,5934,Charles Omenihu,5934,"('DL',)",KC,DL, [DL-KC],"rgb(239, 128, 99)","rgba(239,128,99,.1)"
pid,1027,Fletcher Cox,1027,"('DL',)",PHI,DL, [DL-PHI],"rgb(239, 128, 99)","rgba(239,128,99,.1)"
pid,125,Calais Campbell,125,"('DL',)",ATL,DL, [DL-ATL],"rgb(239, 128, 99)","rgba(239,128,99,.1)"
pid,5075,Ogbonnia Okoronkwo,5075,"('LB', 'DL')",CLE,LB/DL, [LB/DL-CLE],"rgb(239, 128, 99)","rgba(239,128,99,.1)"
pid,7635,Jaelan Phillips,7635,"('LB', 'DL')",MIA,LB/DL, [LB/DL-MIA],"rgb(239, 128, 99)","rgba(239,128,99,.1)"
pid,10929,Drew Sanders,10929,"('LB', 'DL')",DEN,LB/DL, [LB/DL-DEN],"rgb(239, 128, 99)","rgba(239,128,99,.1)"
pid,4063,Haason Reddick,4063,"('LB', 'DL')",PHI,LB/DL, [LB/DL-PHI],"rgb(239, 128, 99)","rgba(239,128,99,.1)"
pid,5021,Lorenzo Carter,5021,"('LB', 'DL')",ATL,LB/DL, [LB/DL-ATL],"rgb(239, 128, 99)","rgba(239,128,99,.1)"
pid,2427,Za'Darius Smith,2427,"('LB', 'DL')",CLE,LB/DL, [LB/DL-CLE],"rgb(239, 128, 99)","rgba(239,128,99,.1)"
pid,10873,Nolan Smith,10873,"('LB', 'DL')",PHI,LB/DL, [LB/DL-PHI],"rgb(239, 128, 99)","rgba(239,128,99,.1)"
pid,3174,Leonard Floyd,3174,"('LB', 'DL')",BUF,LB/DL, [LB/DL-BUF],"rgb(239, 128, 99)","rgba(239,128,99,.1)"
pid,7640,Micah Parsons,7640,"('LB', 'DL')",DAL,LB/DL, [LB/DL-DAL],"rgb(239, 128, 99)","rgba(239,128,99,.1)"
pid,2036,Khalil Mack,2036,"('LB', 'DL')",LAC,LB/DL, [LB/DL-LAC],"rgb(239, 128, 99)","rgba(239,128,99,.1)"
pid,3197,Emmanuel Ogbah,3197,"('LB', 'DL')",MIA,LB/DL, [LB/DL-MIA],"rgb(239, 128, 99)","rgba(239,128,99,.1)"
pid,3303,Matthew Judon,3303,"('LB', 'DL')",NE,LB/DL, [LB/DL-NE],"rgb(239, 128, 99)","rgba(239,128,99,.1)"
pid,4086,DeMarcus Walker,4086,"('LB', 'DL')",CHI,LB/DL, [LB/DL-CHI],"rgb(239, 128, 99)","rgba(239,128,99,.1)"
pid,8343,Boye Mafe,8343,"('LB', 'DL')",SEA,LB/DL, [LB/DL-SEA],"rgb(239, 128, 99)","rgba(239,128,99,.1)"
pid,5030,Harold Landry,5030,"('LB', 'DL')",TEN,LB/DL, [LB/DL-TEN],"rgb(239, 128, 99)","rgba(239,128,99,.1)"
pid,7637,Zaven Collins,7637,"('LB', 'DL')",ARI,LB/DL, [LB/DL-ARI],"rgb(239, 128, 99)","rgba(239,128,99,.1)"
pid,6900,Jonathan Greenard,6900,"('LB', 'DL')",HOU,LB/DL, [LB/DL-HOU],"rgb(239, 128, 99)","rgba(239,128,99,.1)"
pid,5912,Carl Granderson,5912,"('LB', 'DL')",NO,LB/DL, [LB/DL-NO],"rgb(239, 128, 99)","rgba(239,128,99,.1)"
pid,7681,Baron Browning,7681,"('LB', 'DL')",DEN,LB/DL, [LB/DL-DEN],"rgb(239, 128, 99)","rgba(239,128,99,.1)"
pid,4170,Samson Ebukam,4170,"('LB', 'DL')",IND,LB/DL, [LB/DL-IND],"rgb(239, 128, 99)","rgba(239,128,99,.1)"
pid,7625,Joe Tryon-Shoyinka,7625,"('LB', 'DL')",TB,LB/DL, [LB/DL-TB],"rgb(239, 128, 99)","rgba(239,128,99,.1)"
pid,7342,Michael Hoecht,7342,"('LB', 'DL')",LAR,LB/DL, [LB/DL-LAR],"rgb(239, 128, 99)","rgba(239,128,99,.1)"
pid,2343,Preston Smith,2343,"('LB', 'DL')",GB,LB/DL, [LB/DL-GB],"rgb(239, 128, 99)","rgba(239,128,99,.1)"
pid,10875,Myles Murphy,10875,"('LB', 'DL')",CIN,LB/DL, [LB/DL-CIN],"rgb(239, 128, 99)","rgba(239,128,99,.1)"
pid,2393,Danielle Hunter,2393,"('LB', 'DL')",MIN,LB/DL, [LB/DL-MIN],"rgb(239, 128, 99)","rgba(239,128,99,.1)"
pid,1999,Shaquil Barrett,1999,"('LB', 'DL')",TB,LB/DL, [LB/DL-TB],"rgb(239, 128, 99)","rgba(239,128,99,.1)"
pid,10889,Tyree Wilson,10889,"('LB', 'DL')",LV,LB/DL, [LB/DL-LV],"rgb(239, 128, 99)","rgba(239,128,99,.1)"
pid,8398,Jermaine Johnson,8398,"('LB', 'DL')",NYJ,LB/DL, [LB/DL-NYJ],"rgb(239, 128, 99)","rgba(239,128,99,.1)"
pid,5839,Rashan Gary,5839,"('LB', 'DL')",GB,LB/DL, [LB/DL-GB],"rgb(239, 128, 99)","rgba(239,128,99,.1)"
pid,10898,Tuli Tuipulotu,10898,"('LB', 'DL')",LAC,LB/DL, [LB/DL-LAC],"rgb(239, 128, 99)","rgba(239,128,99,.1)"
pid,8355,Kayvon Thibodeaux,8355,"('LB', 'DL')",NYG,LB/DL, [LB/DL-NYG],"rgb(239, 128, 99)","rgba(239,128,99,.1)"
pid,4075,Charles Harris,4075,"('LB', 'DL')",DET,LB/DL, [LB/DL-DET],"rgb(239, 128, 99)","rgba(239,128,99,.1)"
pid,7626,Odafe Oweh,7626,"('LB', 'DL')",BAL,LB/DL, [LB/DL-BAL],"rgb(239, 128, 99)","rgba(239,128,99,.1)"
pid,8280,Nik Bonitto,8280,"('LB', 'DL')",DEN,LB/DL, [LB/DL-DEN],"rgb(239, 128, 99)","rgba(239,128,99,.1)"
pid,10892,Will Anderson,10892,"('LB', 'DL')",HOU,LB/DL, [LB/DL-HOU],"rgb(239, 128, 99)","rgba(239,128,99,.1)"
pid,6910,Darrell Taylor,6910,"('LB', 'DL')",SEA,LB/DL, [LB/DL-SEA],"rgb(239, 128, 99)","rgba(239,128,99,.1)"
pid,4070,T.J. Watt,4070,"('LB', 'DL')",PIT,LB/DL, [LB/DL-PIT],"rgb(239, 128, 99)","rgba(239,128,99,.1)"
pid,6921,Josh Uche,6921,"('LB', 'DL')",NE,LB/DL, [LB/DL-NE],"rgb(239, 128, 99)","rgba(239,128,99,.1)"
pid,10883,Will McDonald,10883,"('LB', 'DL')",NYJ,LB/DL, [LB/DL-NYJ],"rgb(239, 128, 99)","rgba(239,128,99,.1)"
pid,3156,Joey Bosa,3156,"('LB', 'DL')",LAC,LB/DL, [LB/DL-LAC],"rgb(239, 128, 99)","rgba(239,128,99,.1)"
pid,7653,Azeez Ojulari,7653,"('LB', 'DL')",NYG,LB/DL, [LB/DL-NYG],"rgb(239, 128, 99)","rgba(239,128,99,.1)"
pid,8265,Travon Walker,8265,"('LB', 'DL')",JAX,LB/DL, [LB/DL-JAX],"rgb(239, 128, 99)","rgba(239,128,99,.1)"
pid,871,Von Miller,871,"('LB', 'DL')",BUF,LB/DL, [LB/DL-BUF],"rgb(239, 128, 99)","rgba(239,128,99,.1)"
pid,10917,Byron Young,10917,"('LB', 'DL')",LAR,LB/DL, [LB/DL-LAR],"rgb(239, 128, 99)","rgba(239,128,99,.1)"
pid,5840,Josh Allen,5840,"('LB', 'DL')",JAX,LB/DL, [LB/DL-JAX],"rgb(239, 128, 99)","rgba(239,128,99,.1)"
pid,5061,Uchenna Nwosu,5061,"('LB', 'DL')",SEA,LB/DL, [LB/DL-SEA],"rgb(239, 128, 99)","rgba(239,128,99,.1)"
pid,8287,David Ojabo,8287,"('LB', 'DL')",BAL,LB/DL, [LB/DL-BAL],"rgb(239, 128, 99)","rgba(239,128,99,.1)"
pid,7113,Alex Highsmith,7113,"('LB', 'DL')",PIT,LB/DL, [LB/DL-PIT],"rgb(239, 128, 99)","rgba(239,128,99,.1)"
pid,8494,James Houston,8494,"('LB', 'DL')",DET,LB/DL, [LB/DL-DET],"rgb(239, 128, 99)","rgba(239,128,99,.1)"
pid,4967,Bradley Chubb,4967,"('LB', 'DL')",MIA,LB/DL, [LB/DL-MIA],"rgb(239, 128, 99)","rgba(239,128,99,.1)"
pid,5067,Arden Key,5067,"('LB', 'DL')",TEN,LB/DL, [LB/DL-TEN],"rgb(239, 128, 99)","rgba(239,128,99,.1)"
pid,6183,Andrew Van Ginkel,6183,"('LB', 'DL')",MIA,LB/DL, [LB/DL-MIA],"rgb(239, 128, 99)","rgba(239,128,99,.1)"
pid,1947,Jadeveon Clowney,1947,"('LB', 'DL')",BAL,LB/DL, [LB/DL-BAL],"rgb(239, 128, 99)","rgba(239,128,99,.1)"
pid,6812,Yetur Gross-Matos,6812,"('LB', 'DL')",CAR,LB/DL, [LB/DL-CAR],"rgb(239, 128, 99)","rgba(239,128,99,.1)"
pid,7726,Derrick Barnes,7726,"('LB', 'DL')",DET,LB/DL, [LB/DL-DET],"rgb(239, 128, 99)","rgba(239,128,99,.1)"
pid,7391,Bryce Huff,7391,"('LB', 'DL')",NYJ,LB/DL, [LB/DL-NYJ],"rgb(239, 128, 99)","rgba(239,128,99,.1)"
pid,6868,D.J. Wonnum,6868,"('LB', 'DL')",MIN,LB/DL, [LB/DL-MIN],"rgb(239, 128, 99)","rgba(239,128,99,.1)"
pid,2130,Kyle Van Noy,2130,"('LB', 'DL')",BAL,LB/DL, [LB/DL-BAL],"rgb(239, 128, 99)","rgba(239,128,99,.1)"
pid,5466,John Franklin-Myers,5466,"('LB', 'DL')",NYJ,LB/DL, [LB/DL-NYJ],"rgb(239, 128, 99)","rgba(239,128,99,.1)"
pid,6848,Anfernee Jennings,6848,"('LB', 'DL')",NE,LB/DL, [LB/DL-NE],"rgb(239, 128, 99)","rgba(239,128,99,.1)"
pid,1038,Chandler Jones,1038,"('LB', 'DL')",,LB/DL, [LB/DL-],"rgb(239, 128, 99)","rgba(239,128,99,.1)"
pid,7672,Ernest Jones,7672,"('LB',)",LAR,LB, [LB-LAR],"rgb(111, 127, 237)","rgba(111,127,237,.1)"
pid,8283,Brian Asamoah,8283,"('LB',)",MIN,LB, [LB-MIN],"rgb(111, 127, 237)","rgba(111,127,237,.1)"
pid,8266,Quay Walker,8266,"('LB',)",GB,LB, [LB-GB],"rgb(111, 127, 237)","rgba(111,127,237,.1)"
pid,10923,Dorian Williams,10923,"('LB',)",BUF,LB, [LB-BUF],"rgb(111, 127, 237)","rgba(111,127,237,.1)"
pid,8388,Troy Andersen,8388,"('LB',)",ATL,LB, [LB-ATL],"rgb(111, 127, 237)","rgba(111,127,237,.1)"
pid,2330,Shaq Thompson,2330,"('LB',)",CAR,LB, [LB-CAR],"rgb(111, 127, 237)","rgba(111,127,237,.1)"
pid,6807,Patrick Queen,6807,"('LB',)",BAL,LB, [LB-BAL],"rgb(111, 127, 237)","rgba(111,127,237,.1)"
pid,6949,Jordyn Brooks,6949,"('LB',)",SEA,LB, [LB-SEA],"rgb(111, 127, 237)","rgba(111,127,237,.1)"
pid,8334,Malcolm Rodriguez,8334,"('LB',)",DET,LB, [LB-DET],"rgb(111, 127, 237)","rgba(111,127,237,.1)"
pid,6811,Kenneth Murray,6811,"('LB',)",LAC,LB, [LB-LAC],"rgb(111, 127, 237)","rgba(111,127,237,.1)"
pid,6141,Drue Tranquill,6141,"('LB',)",KC,LB, [LB-KC],"rgb(111, 127, 237)","rgba(111,127,237,.1)"
pid,8363,Jack Sanborn,8363,"('LB',)",CHI,LB, [LB-CHI],"rgb(111, 127, 237)","rgba(111,127,237,.1)"
pid,4980,Leighton Vander Esch,4980,"('LB',)",DAL,LB, [LB-DAL],"rgb(111, 127, 237)","rgba(111,127,237,.1)"
pid,4191,Matt Milano,4191,"('LB',)",BUF,LB, [LB-BUF],"rgb(111, 127, 237)","rgba(111,127,237,.1)"
pid,4968,Tremaine Edmunds,4968,"('LB',)",CHI,LB, [LB-CHI],"rgb(111, 127, 237)","rgba(111,127,237,.1)"
pid,2389,Jordan Hicks,2389,"('LB',)",MIN,LB, [LB-MIN],"rgb(111, 127, 237)","rgba(111,127,237,.1)"
pid,7677,Divine Deablo,7677,"('LB',)",LV,LB, [LB-LV],"rgb(111, 127, 237)","rgba(111,127,237,.1)"
pid,5318,Ja'Whaun Bentley,5318,"('LB',)",NE,LB, [LB-NE],"rgb(111, 127, 237)","rgba(111,127,237,.1)"
pid,1052,Demario Davis,1052,"('LB',)",NO,LB, [LB-NO],"rgb(111, 127, 237)","rgba(111,127,237,.1)"
pid,4203,Anthony Walker,4203,"('LB',)",CLE,LB, [LB-CLE],"rgb(111, 127, 237)","rgba(111,127,237,.1)"
pid,3276,De'Vondre Campbell,3276,"('LB',)",GB,LB, [LB-GB],"rgb(111, 127, 237)","rgba(111,127,237,.1)"
pid,6302,Kaden Elliss,6302,"('LB',)",ATL,LB, [LB-ATL],"rgb(111, 127, 237)","rgba(111,127,237,.1)"
pid,11086,Ivan Pace,11086,"('LB',)",MIN,LB, [LB-MIN],"rgb(111, 127, 237)","rgba(111,127,237,.1)"
pid,2350,Eric Kendricks,2350,"('LB',)",LAC,LB, [LB-LAC],"rgb(111, 127, 237)","rgba(111,127,237,.1)"
pid,7346,Christian Rozeboom,7346,"('LB',)",LAR,LB, [LB-LAR],"rgb(111, 127, 237)","rgba(111,127,237,.1)"
pid,5348,Kyzir White,5348,"('LB',)",ARI,LB, [LB-ARI],"rgb(111, 127, 237)","rgba(111,127,237,.1)"
pid,7648,Nick Bolton,7648,"('LB',)",KC,LB, [LB-KC],"rgb(111, 127, 237)","rgba(111,127,237,.1)"
pid,5334,Josey Jewell,5334,"('LB',)",DEN,LB, [LB-DEN],"rgb(111, 127, 237)","rgba(111,127,237,.1)"
pid,5056,Jerome Baker,5056,"('LB',)",MIA,LB, [LB-MIA],"rgb(111, 127, 237)","rgba(111,127,237,.1)"
pid,10984,Noah Sewell,10984,"('LB',)",CHI,LB, [LB-CHI],"rgb(111, 127, 237)","rgba(111,127,237,.1)"
pid,5580,Frankie Luvu,5580,"('LB',)",CAR,LB, [LB-CAR],"rgb(111, 127, 237)","rgba(111,127,237,.1)"
pid,5332,Foyesade Oluokun,5332,"('LB',)",JAX,LB, [LB-JAX],"rgb(111, 127, 237)","rgba(111,127,237,.1)"
pid,2353,Denzel Perryman,2353,"('LB',)",HOU,LB, [LB-HOU],"rgb(111, 127, 237)","rgba(111,127,237,.1)"
pid,6214,Quincy Williams,6214,"('LB',)",NYJ,LB, [LB-NYJ],"rgb(111, 127, 237)","rgba(111,127,237,.1)"
pid,6065,Cody Barton,6065,"('LB',)",WAS,LB, [LB-WAS],"rgb(111, 127, 237)","rgba(111,127,237,.1)"
pid,10880,Jack Campbell,10880,"('LB',)",DET,LB, [LB-DET],"rgb(111, 127, 237)","rgba(111,127,237,.1)"
pid,10935,Trenton Simpson,10935,"('LB',)",BAL,LB, [LB-BAL],"rgb(111, 127, 237)","rgba(111,127,237,.1)"
pid,5960,T.J. Edwards,5960,"('LB',)",CHI,LB, [LB-CHI],"rgb(111, 127, 237)","rgba(111,127,237,.1)"
pid,5346,Zaire Franklin,5346,"('LB',)",IND,LB, [LB-IND],"rgb(111, 127, 237)","rgba(111,127,237,.1)"
pid,2429,Kwon Alexander,2429,"('LB',)",PIT,LB, [LB-PIT],"rgb(111, 127, 237)","rgba(111,127,237,.1)"
pid,6218,E.J. Speed,6218,"('LB',)",IND,LB, [LB-IND],"rgb(111, 127, 237)","rgba(111,127,237,.1)"
pid,7268,Krys Barnes,7268,"('LB',)",ARI,LB, [LB-ARI],"rgb(111, 127, 237)","rgba(111,127,237,.1)"
pid,6119,Devin White,6119,"('LB',)",TB,LB, [LB-TB],"rgb(111, 127, 237)","rgba(111,127,237,.1)"
pid,8278,Christian Harris,8278,"('LB',)",HOU,LB, [LB-HOU],"rgb(111, 127, 237)","rgba(111,127,237,.1)"
pid,1875,C.J. Mosley,1875,"('LB',)",NYJ,LB, [LB-NYJ],"rgb(111, 127, 237)","rgba(111,127,237,.1)"
pid,8311,Terrel Bernard,8311,"('LB',)",BUF,LB, [LB-BUF],"rgb(111, 127, 237)","rgba(111,127,237,.1)"
pid,5041,Fred Warner,5041,"('LB',)",SF,LB, [LB-SF],"rgb(111, 127, 237)","rgba(111,127,237,.1)"
pid,8362,Leo Chenal,8362,"('LB',)",KC,LB, [LB-KC],"rgb(111, 127, 237)","rgba(111,127,237,.1)"
pid,8839,Luke Masterson,8839,"('LB',)",LV,LB, [LB-LV],"rgb(111, 127, 237)","rgba(111,127,237,.1)"
pid,8396,Micah McFadden,8396,"('LB',)",NYG,LB, [LB-NYG],"rgb(111, 127, 237)","rgba(111,127,237,.1)"
pid,8680,Jack Gibbens,8680,"('LB',)",TEN,LB, [LB-TEN],"rgb(111, 127, 237)","rgba(111,127,237,.1)"
pid,8309,Damone Clark,8309,"('LB',)",DAL,LB, [LB-DAL],"rgb(111, 127, 237)","rgba(111,127,237,.1)"
pid,8267,Nakobe Dean,8267,"('LB',)",PHI,LB, [LB-PHI],"rgb(111, 127, 237)","rgba(111,127,237,.1)"
pid,1192,Lavonte David,1192,"('LB',)",TB,LB, [LB-TB],"rgb(111, 127, 237)","rgba(111,127,237,.1)"
pid,7647,Pete Werner,7647,"('LB',)",NO,LB, [LB-NO],"rgb(111, 127, 237)","rgba(111,127,237,.1)"
pid,6315,Tyrel Dodson,6315,"('LB',)",BUF,LB, [LB-BUF],"rgb(111, 127, 237)","rgba(111,127,237,.1)"
pid,1233,Bobby Wagner,1233,"('LB',)",SEA,LB, [LB-SEA],"rgb(111, 127, 237)","rgba(111,127,237,.1)"
pid,7683,Monty Rice,7683,"('LB',)",NO,LB, [LB-NO],"rgb(111, 127, 237)","rgba(111,127,237,.1)"
pid,6485,Azeez Al-Shaair,6485,"('LB',)",TEN,LB, [LB-TEN],"rgb(111, 127, 237)","rgba(111,127,237,.1)"
pid,10914,Daiyan Henley,10914,"('LB',)",LAC,LB, [LB-LAC],"rgb(111, 127, 237)","rgba(111,127,237,.1)"
pid,8371,Chad Muma,8371,"('LB',)",JAX,LB, [LB-JAX],"rgb(111, 127, 237)","rgba(111,127,237,.1)"
pid,5928,David Long,5928,"('LB',)",MIA,LB, [LB-MIA],"rgb(111, 127, 237)","rgba(111,127,237,.1)"
pid,4960,Roquan Smith,4960,"('LB',)",BAL,LB, [LB-BAL],"rgb(111, 127, 237)","rgba(111,127,237,.1)"
pid,10933,DeMarvion Overshown,10933,"('LB',)",DAL,LB, [LB-DAL],"rgb(111, 127, 237)","rgba(111,127,237,.1)"
pid,10969,Owen Pappoe,10969,"('LB',)",ARI,LB, [LB-ARI],"rgb(111, 127, 237)","rgba(111,127,237,.1)"
pid,7012,Mykal Walker,7012,"('LB',)",PIT,LB, [LB-PIT],"rgb(111, 127, 237)","rgba(111,127,237,.1)"
pid,7651,Jeremiah Owusu-Koramoah,7651,"('LB',)",CLE,LB, [LB-CLE],"rgb(111, 127, 237)","rgba(111,127,237,.1)"
pid,3369,Elandon Roberts,3369,"('LB',)",PIT,LB, [LB-PIT],"rgb(111, 127, 237)","rgba(111,127,237,.1)"
pid,5726,Robert Spillane,5726,"('LB',)",LV,LB, [LB-LV],"rgb(111, 127, 237)","rgba(111,127,237,.1)"
pid,2617,Alex Singleton,2617,"('LB',)",DEN,LB, [LB-DEN],"rgb(111, 127, 237)","rgba(111,127,237,.1)"
pid,5944,Bobby Okereke,5944,"('LB',)",NYG,LB, [LB-NYG],"rgb(111, 127, 237)","rgba(111,127,237,.1)"
pid,4118,Alex Anzalone,4118,"('LB',)",DET,LB, [LB-DET],"rgb(111, 127, 237)","rgba(111,127,237,.1)"
pid,7634,Jamin Davis,7634,"('LB',)",WAS,LB, [LB-WAS],"rgb(111, 127, 237)","rgba(111,127,237,.1)"
pid,10970,Henry To'oTo'o,10970,"('LB',)",HOU,LB, [LB-HOU],"rgb(111, 127, 237)","rgba(111,127,237,.1)"
pid,6056,Dre Greenlaw,6056,"('LB',)",SF,LB, [LB-SF],"rgb(111, 127, 237)","rgba(111,127,237,.1)"
pid,6220,Cole Holcomb,6220,"('LB',)",PIT,LB, [LB-PIT],"rgb(111, 127, 237)","rgba(111,127,237,.1)"
pid,5894,Germaine Pratt,5894,"('LB',)",CIN,LB, [LB-CIN],"rgb(111, 127, 237)","rgba(111,127,237,.1)"
pid,4990,Shaquille Leonard,4990,"('LB',)",PHI,LB, [LB-PHI],"rgb(111, 127, 237)","rgba(111,127,237,.1)"
pid,7023,Willie Gay,7023,"('LB',)",KC,LB, [LB-KC],"rgb(111, 127, 237)","rgba(111,127,237,.1)"
pid,8329,Devin Lloyd,8329,"('LB',)",JAX,LB, [LB-JAX],"rgb(111, 127, 237)","rgba(111,127,237,.1)"
pid,6880,Logan Wilson,6880,"('LB',)",CIN,LB, [LB-CIN],"rgb(111, 127, 237)","rgba(111,127,237,.1)"
pid,5843,Devin Bush,5843,"('LB',)",SEA,LB, [LB-SEA],"rgb(111, 127, 237)","rgba(111,127,237,.1)"
pid,4084,Tyus Bowser,4084,"('LB',)",BAL,LB, [LB-BAL],"rgb(111, 127, 237)","rgba(111,127,237,.1)"
pid,4449,Nicholas Morrow,4449,"('LB',)",PHI,LB, [LB-PHI],"rgb(111, 127, 237)","rgba(111,127,237,.1)"
pid,4110,Zach Cunningham,4110,"('LB',)",PHI,LB, [LB-PHI],"rgb(111, 127, 237)","rgba(111,127,237,.1)"
pid,3363,Kamu Grugier-Hill,3363,"('LB',)",CAR,LB, [LB-CAR],"rgb(111, 127, 237)","rgba(111,127,237,.1)"
pid,7807,Nick Niemann,7807,"('LB',)",LAC,LB, [LB-LAC],"rgb(111, 127, 237)","rgba(111,127,237,.1)"
pid,5158,Dennis Gardeck,5158,"('LB',)",ARI,LB, [LB-ARI],"rgb(111, 127, 237)","rgba(111,127,237,.1)"
pid,5031,Oren Burks,5031,"('LB',)",SF,LB, [LB-SF],"rgb(111, 127, 237)","rgba(111,127,237,.1)"
pid,8659,Nate Landman,8659,"('LB',)",ATL,LB, [LB-ATL],"rgb(111, 127, 237)","rgba(111,127,237,.1)"
pid,6217,Blake Cashman,6217,"('LB',)",HOU,LB, [LB-HOU],"rgb(111, 127, 237)","rgba(111,127,237,.1)"
pid,3222,Deion Jones,3222,"('LB',)",CAR,LB, [LB-CAR],"rgb(111, 127, 237)","rgba(111,127,237,.1)"
pid,6179,Jahlani Tavai,6179,"('LB',)",NE,LB, [LB-NE],"rgb(111, 127, 237)","rgba(111,127,237,.1)"
pid,7782,Isaiah McDuffie,7782,"('LB',)",GB,LB, [LB-GB],"rgb(111, 127, 237)","rgba(111,127,237,.1)"
pid,6211,Sione Takitaki,6211,"('LB',)",CLE,LB, [LB-CLE],"rgb(111, 127, 237)","rgba(111,127,237,.1)"
pid,2472,David Mayo,2472,"('LB',)",WAS,LB, [LB-WAS],"rgb(111, 127, 237)","rgba(111,127,237,.1)"
pid,8620,Segun Olubi,8620,"('LB',)",IND,LB, [LB-IND],"rgb(111, 127, 237)","rgba(111,127,237,.1)"
pid,2151,Anthony Barr,2151,"('LB',)",MIN,LB, [LB-MIN],"rgb(111, 127, 237)","rgba(111,127,237,.1)"
pid,10921,YaYa Diaby,10921,"('LB',)",TB,LB, [LB-TB],"rgb(111, 127, 237)","rgba(111,127,237,.1)"
pid,4099,Duke Riley,4099,"('LB',)",MIA,LB, [LB-MIA],"rgb(111, 127, 237)","rgba(111,127,237,.1)"
pid,5757,Josh Woods,5757,"('LB',)",ARI,LB, [LB-ARI],"rgb(111, 127, 237)","rgba(111,127,237,.1)"
pid,8710,Jack Cochrane,8710,"('LB',)",KC,LB, [LB-KC],"rgb(111, 127, 237)","rgba(111,127,237,.1)"
pid,8869,J.J. Russell,8869,"('LB',)",TB,LB, [LB-TB],"rgb(111, 127, 237)","rgba(111,127,237,.1)"
pid,6937,Khaleke Hudson,6937,"('LB',)",WAS,LB, [LB-WAS],"rgb(111, 127, 237)","rgba(111,127,237,.1)"
pid,3166,Myles Jack,3166,"('LB',)",PIT,LB, [LB-PIT],"rgb(111, 127, 237)","rgba(111,127,237,.1)"
pid,1905,Christian Kirksey,1905,"('LB',)",,LB, [LB-],"rgb(111, 127, 237)","rgba(111,127,237,.1)"
pid,4978,Rashaan Evans,4978,"('LB',)",,LB, [LB-],"rgb(111, 127, 237)","rgba(111,127,237,.1)"
pid,7016,Jeremy Chinn,7016,"('LB', 'DB')",CAR,LB/DB, [LB/DB-CAR],"rgb(239, 132, 180)","rgba(239,132,180,.1)"
pid,6781,Isaiah Simmons,6781,"('LB', 'DB')",NYG,LB/DB, [LB/DB-NYG],"rgb(239, 132, 180)","rgba(239,132,180,.1)"
pid,8517,Rodney Thomas,8517,"('LB', 'DB')",IND,LB/DB, [LB/DB-IND],"rgb(239, 132, 180)","rgba(239,132,180,.1)"
pid,4056,Jabrill Peppers,4056,"('LB', 'DB')",NE,LB/DB, [LB/DB-NE],"rgb(239, 132, 180)","rgba(239,132,180,.1)"
pid,3181,Keanu Neal,3181,"('LB', 'DB')",PIT,LB/DB, [LB/DB-PIT],"rgb(239, 132, 180)","rgba(239,132,180,.1)"
pid,8399,Markquese Bell,8399,"('LB', 'DB')",DAL,LB/DB, [LB/DB-DAL],"rgb(239, 132, 180)","rgba(239,132,180,.1)"
pid,3272,Miles Killebrew,3272,"('LB', 'DB')",PIT,LB/DB, [LB/DB-PIT],"rgb(239, 132, 180)","rgba(239,132,180,.1)"
pid,5493,Charvarius Ward,5493,"('DB',)",SF,DB, [DB-SF],"rgb(239, 132, 180)","rgba(239,132,180,.1)"
pid,8365,Kyler Gordon,8365,"('DB',)",CHI,DB, [DB-CHI],"rgb(239, 132, 180)","rgba(239,132,180,.1)"
pid,8857,Kader Kohou,8857,"('DB',)",MIA,DB, [DB-MIA],"rgb(239, 132, 180)","rgba(239,132,180,.1)"
pid,6711,Jalen Thompson,6711,"('DB',)",ARI,DB, [DB-ARI],"rgb(239, 132, 180)","rgba(239,132,180,.1)"
pid,7666,Jevon Holland,7666,"('DB',)",MIA,DB, [DB-MIA],"rgb(239, 132, 180)","rgba(239,132,180,.1)"
pid,7667,Tyson Campbell,7667,"('DB',)",JAX,DB, [DB-JAX],"rgb(239, 132, 180)","rgba(239,132,180,.1)"
pid,7827,Darrick Forrest,7827,"('DB',)",WAS,DB, [DB-WAS],"rgb(239, 132, 180)","rgba(239,132,180,.1)"
pid,4072,Tre'Davious White,4072,"('DB',)",BUF,DB, [DB-BUF],"rgb(239, 132, 180)","rgba(239,132,180,.1)"
pid,4964,Denzel Ward,4964,"('DB',)",CLE,DB, [DB-CLE],"rgb(239, 132, 180)","rgba(239,132,180,.1)"
pid,7823,Nate Hobbs,7823,"('DB',)",LV,DB, [DB-LV],"rgb(239, 132, 180)","rgba(239,132,180,.1)"
pid,10891,Devon Witherspoon,10891,"('DB',)",SEA,DB, [DB-SEA],"rgb(239, 132, 180)","rgba(239,132,180,.1)"
pid,5036,Justin Reid,5036,"('DB',)",KC,DB, [DB-KC],"rgb(239, 132, 180)","rgba(239,132,180,.1)"
pid,8406,Reed Blankenship,8406,"('DB',)",PHI,DB, [DB-PHI],"rgb(239, 132, 180)","rgba(239,132,180,.1)"
pid,3233,Kevin Byard,3233,"('DB',)",PHI,DB, [DB-PHI],"rgb(239, 132, 180)","rgba(239,132,180,.1)"
pid,5520,Jonathan Owens,5520,"('DB',)",GB,DB, [DB-GB],"rgb(239, 132, 180)","rgba(239,132,180,.1)"
pid,1576,Tyrann Mathieu,1576,"('DB',)",NO,DB, [DB-NO],"rgb(239, 132, 180)","rgba(239,132,180,.1)"
pid,4974,Terrell Edmunds,4974,"('DB',)",TEN,DB, [DB-TEN],"rgb(239, 132, 180)","rgba(239,132,180,.1)"
pid,5946,Jamel Dean,5946,"('DB',)",TB,DB, [DB-TB],"rgb(239, 132, 180)","rgba(239,132,180,.1)"
pid,8268,Lewis Cine,8268,"('DB',)",MIN,DB, [DB-MIN],"rgb(239, 132, 180)","rgba(239,132,180,.1)"
pid,10905,Brian Branch,10905,"('DB',)",DET,DB, [DB-DET],"rgb(239, 132, 180)","rgba(239,132,180,.1)"
pid,1213,Harrison Smith,1213,"('DB',)",MIN,DB, [DB-MIN],"rgb(239, 132, 180)","rgba(239,132,180,.1)"
pid,3415,Jonathan Jones,3415,"('DB',)",NE,DB, [DB-NE],"rgb(239, 132, 180)","rgba(239,132,180,.1)"
pid,4133,John Johnson,4133,"('DB',)",LAR,DB, [DB-LAR],"rgb(239, 132, 180)","rgba(239,132,180,.1)"
pid,5341,Taron Johnson,5341,"('DB',)",BUF,DB, [DB-BUF],"rgb(239, 132, 180)","rgba(239,132,180,.1)"
pid,8341,Cam Taylor-Britt,8341,"('DB',)",CIN,DB, [DB-CIN],"rgb(239, 132, 180)","rgba(239,132,180,.1)"
pid,3399,Jayron Kearse,3399,"('DB',)",DAL,DB, [DB-DAL],"rgb(239, 132, 180)","rgba(239,132,180,.1)"
pid,7819,Deommodore Lenoir,7819,"('DB',)",SF,DB, [DB-SF],"rgb(239, 132, 180)","rgba(239,132,180,.1)"
pid,4427,Kenny Moore,4427,"('DB',)",IND,DB, [DB-IND],"rgb(239, 132, 180)","rgba(239,132,180,.1)"
pid,3160,Jalen Ramsey,3160,"('DB',)",MIA,DB, [DB-MIA],"rgb(239, 132, 180)","rgba(239,132,180,.1)"
pid,5017,Jessie Bates,5017,"('DB',)",ATL,DB, [DB-ATL],"rgb(239, 132, 180)","rgba(239,132,180,.1)"
pid,10882,Emmanuel Forbes,10882,"('DB',)",WAS,DB, [DB-WAS],"rgb(239, 132, 180)","rgba(239,132,180,.1)"
pid,8364,Trent McDuffie,8364,"('DB',)",KC,DB, [DB-KC],"rgb(239, 132, 180)","rgba(239,132,180,.1)"
pid,6301,Nick Scott,6301,"('DB',)",CIN,DB, [DB-CIN],"rgb(239, 132, 180)","rgba(239,132,180,.1)"
pid,10936,Ji'Ayir Brown,10936,"('DB',)",SF,DB, [DB-SF],"rgb(239, 132, 180)","rgba(239,132,180,.1)"
pid,1343,Jordan Poyer,1343,"('DB',)",BUF,DB, [DB-BUF],"rgb(239, 132, 180)","rgba(239,132,180,.1)"
pid,4077,Jamal Adams,4077,"('DB',)",SEA,DB, [DB-SEA],"rgb(239, 132, 180)","rgba(239,132,180,.1)"
pid,7698,Andre Cisco,7698,"('DB',)",JAX,DB, [DB-JAX],"rgb(239, 132, 180)","rgba(239,132,180,.1)"
pid,6145,Juan Thornhill,6145,"('DB',)",CLE,DB, [DB-CLE],"rgb(239, 132, 180)","rgba(239,132,180,.1)"
pid,4238,Xavier Woods,4238,"('DB',)",CAR,DB, [DB-CAR],"rgb(239, 132, 180)","rgba(239,132,180,.1)"
pid,10919,Sydney Brown,10919,"('DB',)",PHI,DB, [DB-PHI],"rgb(239, 132, 180)","rgba(239,132,180,.1)"
pid,7069,Alohi Gilman,7069,"('DB',)",LAC,DB, [DB-LAC],"rgb(239, 132, 180)","rgba(239,132,180,.1)"
pid,7662,Richie Grant,7662,"('DB',)",ATL,DB, [DB-ATL],"rgb(239, 132, 180)","rgba(239,132,180,.1)"
pid,6872,Kyle Dugger,6872,"('DB',)",NE,DB, [DB-NE],"rgb(239, 132, 180)","rgba(239,132,180,.1)"
pid,4180,Rayshawn Jenkins,4180,"('DB',)",JAX,DB, [DB-JAX],"rgb(239, 132, 180)","rgba(239,132,180,.1)"
pid,6785,Jeff Okudah,6785,"('DB',)",ATL,DB, [DB-ATL],"rgb(239, 132, 180)","rgba(239,132,180,.1)"
pid,10913,Joey Porter,10913,"('DB',)",PIT,DB, [DB-PIT],"rgb(239, 132, 180)","rgba(239,132,180,.1)"
pid,3262,Justin Simmons,3262,"('DB',)",DEN,DB, [DB-DEN],"rgb(239, 132, 180)","rgba(239,132,180,.1)"
pid,8323,Jaquan Brisker,8323,"('DB',)",CHI,DB, [DB-CHI],"rgb(239, 132, 180)","rgba(239,132,180,.1)"
pid,11026,Gervarrius Owens,11026,"('DB',)",NYG,DB, [DB-NYG],"rgb(239, 132, 180)","rgba(239,132,180,.1)"
pid,7816,Jason Pinnock,7816,"('DB',)",NYG,DB, [DB-NYG],"rgb(239, 132, 180)","rgba(239,132,180,.1)"
pid,5655,Ryan Neal,5655,"('DB',)",TB,DB, [DB-TB],"rgb(239, 132, 180)","rgba(239,132,180,.1)"
pid,10926,Marte Mapu,10926,"('DB',)",NE,DB, [DB-NE],"rgb(239, 132, 180)","rgba(239,132,180,.1)"
pid,6788,Xavier McKinney,6788,"('DB',)",NYG,DB, [DB-NYG],"rgb(239, 132, 180)","rgba(239,132,180,.1)"
pid,2445,Adrian Amos,2445,"('DB',)",HOU,DB, [DB-HOU],"rgb(239, 132, 180)","rgba(239,132,180,.1)"
pid,5064,Tracy Walker,5064,"('DB',)",DET,DB, [DB-DET],"rgb(239, 132, 180)","rgba(239,132,180,.1)"
pid,6799,Grant Delpit,6799,"('DB',)",CLE,DB, [DB-CLE],"rgb(239, 132, 180)","rgba(239,132,180,.1)"
pid,8339,Kyle Hamilton,8339,"('DB',)",BAL,DB, [DB-BAL],"rgb(239, 132, 180)","rgba(239,132,180,.1)"
pid,8359,Marcus Jones,8359,"('DB',)",NE,DB, [DB-NE],"rgb(239, 132, 180)","rgba(239,132,180,.1)"
pid,6911,Brandon Jones,6911,"('DB',)",MIA,DB, [DB-MIA],"rgb(239, 132, 180)","rgba(239,132,180,.1)"
pid,4136,Rasul Douglas,4136,"('DB',)",BUF,DB, [DB-BUF],"rgb(239, 132, 180)","rgba(239,132,180,.1)"
pid,5054,Carlton Davis,5054,"('DB',)",TB,DB, [DB-TB],"rgb(239, 132, 180)","rgba(239,132,180,.1)"
pid,972,Patrick Peterson,972,"('DB',)",PIT,DB, [DB-PIT],"rgb(239, 132, 180)","rgba(239,132,180,.1)"
pid,10903,Quan Martin,10903,"('DB',)",WAS,DB, [DB-WAS],"rgb(239, 132, 180)","rgba(239,132,180,.1)"
pid,7641,Pat Surtain,7641,"('DB',)",DEN,DB, [DB-DEN],"rgb(239, 132, 180)","rgba(239,132,180,.1)"
pid,8290,Sauce Gardner,8290,"('DB',)",NYJ,DB, [DB-NYJ],"rgb(239, 132, 180)","rgba(239,132,180,.1)"
pid,4059,Marshon Lattimore,4059,"('DB',)",NO,DB, [DB-NO],"rgb(239, 132, 180)","rgba(239,132,180,.1)"
pid,7659,Tre'von Moehrig,7659,"('DB',)",LV,DB, [DB-LV],"rgb(239, 132, 180)","rgba(239,132,180,.1)"
pid,544,Kareem Jackson,544,"('DB',)",HOU,DB, [DB-HOU],"rgb(239, 132, 180)","rgba(239,132,180,.1)"
pid,10878,Deonte Banks,10878,"('DB',)",NYG,DB, [DB-NYG],"rgb(239, 132, 180)","rgba(239,132,180,.1)"
pid,5876,Julian Love,5876,"('DB',)",SEA,DB, [DB-SEA],"rgb(239, 132, 180)","rgba(239,132,180,.1)"
pid,4093,Marcus Maye,4093,"('DB',)",NO,DB, [DB-NO],"rgb(239, 132, 180)","rgba(239,132,180,.1)"
pid,1525,Micah Hyde,1525,"('DB',)",BUF,DB, [DB-BUF],"rgb(239, 132, 180)","rgba(239,132,180,.1)"
pid,4971,Derwin James,4971,"('DB',)",LAC,DB, [DB-LAC],"rgb(239, 132, 180)","rgba(239,132,180,.1)"
pid,6284,Marcus Epps,6284,"('DB',)",LV,DB, [DB-LV],"rgb(239, 132, 180)","rgba(239,132,180,.1)"
pid,6210,Darnell Savage,6210,"('DB',)",GB,DB, [DB-GB],"rgb(239, 132, 180)","rgba(239,132,180,.1)"
pid,7136,Kamren Curl,7136,"('DB',)",WAS,DB, [DB-WAS],"rgb(239, 132, 180)","rgba(239,132,180,.1)"
pid,8348,Kerby Joseph,8348,"('DB',)",DET,DB, [DB-DET],"rgb(239, 132, 180)","rgba(239,132,180,.1)"
pid,2267,Jimmie Ward,2267,"('DB',)",HOU,DB, [DB-HOU],"rgb(239, 132, 180)","rgba(239,132,180,.1)"
pid,3230,Vonn Bell,3230,"('DB',)",CAR,DB, [DB-CAR],"rgb(239, 132, 180)","rgba(239,132,180,.1)"
pid,5908,Amani Hooker,5908,"('DB',)",TEN,DB, [DB-TEN],"rgb(239, 132, 180)","rgba(239,132,180,.1)"
pid,5071,DeShon Elliott,5071,"('DB',)",MIA,DB, [DB-MIA],"rgb(239, 132, 180)","rgba(239,132,180,.1)"
pid,2501,Quandre Diggs,2501,"('DB',)",SEA,DB, [DB-SEA],"rgb(239, 132, 180)","rgba(239,132,180,.1)"
pid,5864,Byron Murphy,5864,"('DB',)",MIN,DB, [DB-MIN],"rgb(239, 132, 180)","rgba(239,132,180,.1)"
pid,5153,Levi Wallace,5153,"('DB',)",PIT,DB, [DB-PIT],"rgb(239, 132, 180)","rgba(239,132,180,.1)"
pid,5893,C.J. Gardner-Johnson,5893,"('DB',)",DET,DB, [DB-DET],"rgb(239, 132, 180)","rgba(239,132,180,.1)"
pid,4216,Desmond King,4216,"('DB',)",HOU,DB, [DB-HOU],"rgb(239, 132, 180)","rgba(239,132,180,.1)"
pid,4158,Eddie Jackson,4158,"('DB',)",CHI,DB, [DB-CHI],"rgb(239, 132, 180)","rgba(239,132,180,.1)"
pid,6968,Jordan Fuller,6968,"('DB',)",LAR,DB, [DB-LAR],"rgb(239, 132, 180)","rgba(239,132,180,.1)"
pid,8386,Damarri Mathis,8386,"('DB',)",DEN,DB, [DB-DEN],"rgb(239, 132, 180)","rgba(239,132,180,.1)"
pid,8314,Jalen Pitre,8314,"('DB',)",HOU,DB, [DB-HOU],"rgb(239, 132, 180)","rgba(239,132,180,.1)"
pid,1518,Darius Slay,1518,"('DB',)",PHI,DB, [DB-PHI],"rgb(239, 132, 180)","rgba(239,132,180,.1)"
pid,1043,Stephon Gilmore,1043,"('DB',)",DAL,DB, [DB-DAL],"rgb(239, 132, 180)","rgba(239,132,180,.1)"
pid,6291,Donovan Wilson,6291,"('DB',)",DAL,DB, [DB-DAL],"rgb(239, 132, 180)","rgba(239,132,180,.1)"
pid,10927,Jordan Battle,10927,"('DB',)",CIN,DB, [DB-CIN],"rgb(239, 132, 180)","rgba(239,132,180,.1)"
pid,4081,Budda Baker,4081,"('DB',)",ARI,DB, [DB-ARI],"rgb(239, 132, 180)","rgba(239,132,180,.1)"
pid,4078,Adoree' Jackson,4078,"('DB',)",NYG,DB, [DB-NYG],"rgb(239, 132, 180)","rgba(239,132,180,.1)"
pid,6888,Antoine Winfield,6888,"('DB',)",TB,DB, [DB-TB],"rgb(239, 132, 180)","rgba(239,132,180,.1)"
pid,5372,D.J. Reed,5372,"('DB',)",NYJ,DB, [DB-NYJ],"rgb(239, 132, 180)","rgba(239,132,180,.1)"
pid,8293,Coby Bryant,8293,"('DB',)",SEA,DB, [DB-SEA],"rgb(239, 132, 180)","rgba(239,132,180,.1)"
pid,8303,Roger McCreary,8303,"('DB',)",TEN,DB, [DB-TEN],"rgb(239, 132, 180)","rgba(239,132,180,.1)"
pid,4963,Minkah Fitzpatrick,4963,"('DB',)",PIT,DB, [DB-PIT],"rgb(239, 132, 180)","rgba(239,132,180,.1)"
pid,5375,Jordan Whitehead,5375,"('DB',)",NYJ,DB, [DB-NYJ],"rgb(239, 132, 180)","rgba(239,132,180,.1)"
pid,7655,Asante Samuel,7655,"('DB',)",LAC,DB, [DB-LAC],"rgb(239, 132, 180)","rgba(239,132,180,.1)"
pid,4071,Marlon Humphrey,4071,"('DB',)",BAL,DB, [DB-BAL],"rgb(239, 132, 180)","rgba(239,132,180,.1)"
pid,8286,Dax Hill,8286,"('DB',)",CIN,DB, [DB-CIN],"rgb(239, 132, 180)","rgba(239,132,180,.1)"
pid,4091,Marcus Williams,4091,"('DB',)",BAL,DB, [DB-BAL],"rgb(239, 132, 180)","rgba(239,132,180,.1)"
pid,8308,Derek Stingley,8308,"('DB',)",HOU,DB, [DB-HOU],"rgb(239, 132, 180)","rgba(239,132,180,.1)"
pid,7811,Talanoa Hufanga,7811,"('DB',)",SF,DB, [DB-SF],"rgb(239, 132, 180)","rgba(239,132,180,.1)"
pid,10881,Christian Gonzalez,10881,"('DB',)",NE,DB, [DB-NE],"rgb(239, 132, 180)","rgba(239,132,180,.1)"
pid,4107,Chidobe Awuzie,4107,"('DB',)",CIN,DB, [DB-CIN],"rgb(239, 132, 180)","rgba(239,132,180,.1)"
pid,8374,Riq Woolen,8374,"('DB',)",SEA,DB, [DB-SEA],"rgb(239, 132, 180)","rgba(239,132,180,.1)"
pid,6809,Trevon Diggs,6809,"('DB',)",DAL,DB, [DB-DAL],"rgb(239, 132, 180)","rgba(239,132,180,.1)"
pid,7117,L'Jarius Sneed,7117,"('DB',)",KC,DB, [DB-KC],"rgb(239, 132, 180)","rgba(239,132,180,.1)"
pid,3215,Xavien Howard,3215,"('DB',)",MIA,DB, [DB-MIA],"rgb(239, 132, 180)","rgba(239,132,180,.1)"
pid,6836,A.J. Terrell,6836,"('DB',)",ATL,DB, [DB-ATL],"rgb(239, 132, 180)","rgba(239,132,180,.1)"
pid,7642,Jaycee Horn,7642,"('DB',)",CAR,DB, [DB-CAR],"rgb(239, 132, 180)","rgba(239,132,180,.1)"
pid,4979,Jaire Alexander,4979,"('DB',)",GB,DB, [DB-GB],"rgb(239, 132, 180)","rgba(239,132,180,.1)"
pid,7669,Paulson Adebo,7669,"('DB',)",NO,DB, [DB-NO],"rgb(239, 132, 180)","rgba(239,132,180,.1)"
pid,8333,Alontae Taylor,8333,"('DB',)",NO,DB, [DB-NO],"rgb(239, 132, 180)","rgba(239,132,180,.1)"
pid,7630,Greg Newsome,7630,"('DB',)",CLE,DB, [DB-CLE],"rgb(239, 132, 180)","rgba(239,132,180,.1)"
pid,7707,Tre Brown,7707,"('DB',)",SEA,DB, [DB-SEA],"rgb(239, 132, 180)","rgba(239,132,180,.1)"
pid,7715,Camryn Bynum,7715,"('DB',)",MIN,DB, [DB-MIN],"rgb(239, 132, 180)","rgba(239,132,180,.1)"
pid,7044,Julian Blackmon,7044,"('DB',)",IND,DB, [DB-IND],"rgb(239, 132, 180)","rgba(239,132,180,.1)"
pid,6947,K'Von Wallace,6947,"('DB',)",TEN,DB, [DB-TEN],"rgb(239, 132, 180)","rgba(239,132,180,.1)"
pid,6923,Geno Stone,6923,"('DB',)",BAL,DB, [DB-BAL],"rgb(239, 132, 180)","rgba(239,132,180,.1)"
pid,11014,Kei'Trel Clark,11014,"('DB',)",ARI,DB, [DB-ARI],"rgb(239, 132, 180)","rgba(239,132,180,.1)"
pid,6060,Sean Murphy-Bunting,6060,"('DB',)",TEN,DB, [DB-TEN],"rgb(239, 132, 180)","rgba(239,132,180,.1)"
pid,8476,DaRon Bland,8476,"('DB',)",DAL,DB, [DB-DAL],"rgb(239, 132, 180)","rgba(239,132,180,.1)"
pid,7685,Brandon Stephens,7685,"('DB',)",BAL,DB, [DB-BAL],"rgb(239, 132, 180)","rgba(239,132,180,.1)"
pid,3252,Kendall Fuller,3252,"('DB',)",WAS,DB, [DB-WAS],"rgb(239, 132, 180)","rgba(239,132,180,.1)"
pid,8389,Akayleb Evans,8389,"('DB',)",MIN,DB, [DB-MIN],"rgb(239, 132, 180)","rgba(239,132,180,.1)"
pid,4661,Michael Davis,4661,"('DB',)",LAC,DB, [DB-LAC],"rgb(239, 132, 180)","rgba(239,132,180,.1)"
pid,7889,Jerry Jacobs,7889,"('DB',)",DET,DB, [DB-DET],"rgb(239, 132, 180)","rgba(239,132,180,.1)"
pid,4223,Rudy Ford,4223,"('DB',)",GB,DB, [DB-GB],"rgb(239, 132, 180)","rgba(239,132,180,.1)"
pid,6946,Myles Bryant,6946,"('DB',)",NE,DB, [DB-NE],"rgb(239, 132, 180)","rgba(239,132,180,.1)"
pid,5526,Darious Williams,5526,"('DB',)",JAX,DB, [DB-JAX],"rgb(239, 132, 180)","rgba(239,132,180,.1)"
pid,10906,Julius Brents,10906,"('DB',)",IND,DB, [DB-IND],"rgb(239, 132, 180)","rgba(239,132,180,.1)"
pid,3189,Eli Apple,3189,"('DB',)",MIA,DB, [DB-MIA],"rgb(239, 132, 180)","rgba(239,132,180,.1)"
pid,7708,Marco Wilson,7708,"('DB',)",NE,DB, [DB-NE],"rgb(239, 132, 180)","rgba(239,132,180,.1)"
pid,6901,Josh Metellus,6901,"('DB',)",MIN,DB, [DB-MIN],"rgb(239, 132, 180)","rgba(239,132,180,.1)"
pid,2403,Steven Nelson,2403,"('DB',)",HOU,DB, [DB-HOU],"rgb(239, 132, 180)","rgba(239,132,180,.1)"
pid,8860,Tony Adams,8860,"('DB',)",NYJ,DB, [DB-NYJ],"rgb(239, 132, 180)","rgba(239,132,180,.1)"
pid,8510,Russ Yeast,8510,"('DB',)",LAR,DB, [DB-LAR],"rgb(239, 132, 180)","rgba(239,132,180,.1)"
pid,8390,Martin Emerson,8390,"('DB',)",CLE,DB, [DB-CLE],"rgb(239, 132, 180)","rgba(239,132,180,.1)"
pid,7671,Benjamin St-Juste,7671,"('DB',)",WAS,DB, [DB-WAS],"rgb(239, 132, 180)","rgba(239,132,180,.1)"
pid,10897,Tyrique Stevenson,10897,"('DB',)",CHI,DB, [DB-CHI],"rgb(239, 132, 180)","rgba(239,132,180,.1)"
pid,10985,Jordan Howden,10985,"('DB',)",NO,DB, [DB-NO],"rgb(239, 132, 180)","rgba(239,132,180,.1)"
pid,6791,CJ Henderson,6791,"('DB',)",CAR,DB, [DB-CAR],"rgb(239, 132, 180)","rgba(239,132,180,.1)"
pid,5519,Tavierre Thomas,5519,"('DB',)",HOU,DB, [DB-HOU],"rgb(239, 132, 180)","rgba(239,132,180,.1)"
pid,3546,Mike Hilton,3546,"('DB',)",CIN,DB, [DB-CIN],"rgb(239, 132, 180)","rgba(239,132,180,.1)"
pid,8271,Derion Kendrick,8271,"('DB',)",LAR,DB, [DB-LAR],"rgb(239, 132, 180)","rgba(239,132,180,.1)"
pid,8763,Trenton Thompson,8763,"('DB',)",PIT,DB, [DB-PIT],"rgb(239, 132, 180)","rgba(239,132,180,.1)"
pid,6419,P.J. Locke,6419,"('DB',)",DEN,DB, [DB-DEN],"rgb(239, 132, 180)","rgba(239,132,180,.1)"
pid,10894,DJ Turner,10894,"('DB',)",CIN,DB, [DB-CIN],"rgb(239, 132, 180)","rgba(239,132,180,.1)"
pid,3231,James Bradberry,3231,"('DB',)",PHI,DB, [DB-PHI],"rgb(239, 132, 180)","rgba(239,132,180,.1)"
pid,8752,Ja'Quan McMillian,8752,"('DB',)",DEN,DB, [DB-DEN],"rgb(239, 132, 180)","rgba(239,132,180,.1)"
pid,6416,Andrew Wingard,6416,"('DB',)",JAX,DB, [DB-JAX],"rgb(239, 132, 180)","rgba(239,132,180,.1)"
pid,7680,Ifeatu Melifonwu,7680,"('DB',)",DET,DB, [DB-DET],"rgb(239, 132, 180)","rgba(239,132,180,.1)"
pid,7686,Ambry Thomas,7686,"('DB',)",SF,DB, [DB-SF],"rgb(239, 132, 180)","rgba(239,132,180,.1)"
pid,8392,Nick Cross,8392,"('DB',)",IND,DB, [DB-IND],"rgb(239, 132, 180)","rgba(239,132,180,.1)"
pid,2323,Marcus Peters,2323,"('DB',)",,DB, [DB-],"rgb(239, 132, 180)","rgba(239,132,180,.1)"
slot,QB_1__slot,QB 1,,,,,,"rgb(235, 67, 111)","rgba(235,67,111,.1)"
slot,RB_1__slot,RB 1,,,,,,"rgb(92, 203, 184)","rgba(92,203,184,.1)"
slot,RB_2__slot,RB 2,,,,,,"rgb(92, 203, 184)","rgba(92,203,184,.1)"
slot,WR_1__slot,WR 1,,,,,,"rgb(106, 167, 248)","rgba(106,167,248,.1)"
slot,WR_2__slot,WR 2,,,,,,"rgb(106, 167, 248)","rgba(106,167,248,.1)"
slot,WR_3__slot,WR 3,,,,,,"rgb(106, 167, 248)","rgba(106,167,248,.1)"
slot,TE_1__slot,TE 1,,,,,,"rgb(244, 176, 103)","rgba(244,176,103,.1)"
slot,TE_2__slot,TE 2,,,,,,"rgb(244, 176, 103)","rgba(244,176,103,.1)"
slot,FLEX_1__slot,Flex 1,,,,,,"rgb(127, 133, 148)","rgba(127,133,148,.1)"
slot,FLEX_2__slot,Flex 2,,,,,,"rgb(127, 133, 148)","rgba(127,133,148,.1)"
slot,FLEX_3__slot,Flex 3,,,,,,"rgb(127, 133, 148)","rgba(127,133,148,.1)"
slot,SUPER_FLEX_1__slot,SFlex 1,,,,,,"rgb(127, 133, 148)","rgba(127,133,148,.1)"
slot,DL_1__slot,DL 1,,,,,,"rgb(239, 128, 99)","rgba(239,128,99,.1)"
slot,DL_2__slot,DL 2,,,,,,"rgb(239, 128, 99)","rgba(239,128,99,.1)"
slot,DL_3__slot,DL 3,,,,,,"rgb(239, 128, 99)","rgba(239,128,99,.1)"
slot,LB_1__slot,LB 1,,,,,,"rgb(111, 127, 237)","rgba(111,127,237,.1)"
slot,LB_2__slot,LB 2,,,,,,"rgb(111, 127, 237)","rgba(111,127,237,.1)"
slot,LB_3__slot,LB 3,,,,,,"rgb(111, 127, 237)","rgba(111,127,237,.1)"
slot,DB_1__slot,DB 1,,,,,,"rgb(239, 132, 180)","rgba(239,132,180,.1)"
slot,DB_2__slot,DB 2,,,,,,"rgb(239, 132, 180)","rgba(239,132,180,.1)"
slot,DB_3__slot,DB 3,,,,,,"rgb(239, 132, 180)","rgba(239,132,180,.1)"
slot,IDP_FLEX_1__slot,IDP 1,,,,,,"rgb(163, 187, 211)","rgba(163,187,211,.1)"
slot,IDP_FLEX_2__slot,IDP 2,,,,,,"rgb(163, 187, 211)","rgba(163,187,211,.1)"
slot,IDP_FLEX_3__slot,IDP 3,,,,,,"rgb(163, 187, 211)","rgba(163,187,211,.1)"
slot,BN__QB__slot,QB (bn),,,,,,"rgb(235, 67, 111)","rgba(235,67,111,.1)"
slot,BN__RB__slot,RB (bn),,,,,,"rgb(92, 203, 184)","rgba(92,203,184,.1)"
slot,BN__WR__slot,WR (bn),,,,,,"rgb(106, 167, 248)","rgba(106,167,248,.1)"
slot,BN__TE__slot,TE (bn),,,,,,"rgb(244, 176, 103)","rgba(244,176,103,.1)"
slot,BN__TE/QB__slot,TE/QB (bn),,,,,,"rgb(244, 176, 103)","rgba(244,176,103,.1)"
slot,BN__DL__slot,DL (bn),,,,,,"rgb(239, 128, 99)","rgba(239,128,99,.1)"
slot,BN__LB/DL__slot,LB/DL (bn),,,,,,"rgb(239, 128, 99)","rgba(239,128,99,.1)"
slot,BN__LB__slot,LB (bn),,,,,,"rgb(111, 127, 237)","rgba(111,127,237,.1)"
slot,BN__LB/DB__slot,LB/DB (bn),,,,,,"rgb(239, 132, 180)","rgba(239,132,180,.1)"
slot,BN__DB__slot,DB (bn),,,,,,"rgb(239, 132, 180)","rgba(239,132,180,.1)"
slot_agg,QB__slot_agg,QB,,,,,,"rgb(235, 67, 111)","rgba(235,67,111,.1)"
slot_agg,RB__slot_agg,RB,,,,,,"rgb(92, 203, 184)","rgba(92,203,184,.1)"
slot_agg,WR__slot_agg,WR,,,,,,"rgb(106, 167, 248)","rgba(106,167,248,.1)"
slot_agg,TE__slot_agg,TE,,,,,,"rgb(244, 176, 103)","rgba(244,176,103,.1)"
slot_agg,FLEX__slot_agg,Flex,,,,,,"rgb(127, 133, 148)","rgba(127,133,148,.1)"
slot_agg,SUPER_FLEX__slot_agg,SFlex,,,,,,"rgb(127, 133, 148)","rgba(127,133,148,.1)"
slot_agg,DL__slot_agg,DL,,,,,,"rgb(239, 128, 99)","rgba(239,128,99,.1)"
slot_agg,LB__slot_agg,LB,,,,,,"rgb(111, 127, 237)","rgba(111,127,237,.1)"
slot_agg,DB__slot_agg,DB,,,,,,"rgb(239, 132, 180)","rgba(239,132,180,.1)"
slot_agg,IDP_FLEX__slot_agg,IDP,,,,,,"rgb(163, 187, 211)","rgba(163,187,211,.1)"
slot_agg,BN__QB__slot_agg,QB (bn),,,,,,"rgb(235, 67, 111)","rgba(235,67,111,.1)"
slot_agg,BN__RB__slot_agg,RB (bn),,,,,,"rgb(92, 203, 184)","rgba(92,203,184,.1)"
slot_agg,BN__WR__slot_agg,WR (bn),,,,,,"rgb(106, 167, 248)","rgba(106,167,248,.1)"
slot_agg,BN__TE__slot_agg,TE (bn),,,,,,"rgb(244, 176, 103)","rgba(244,176,103,.1)"
slot_agg,BN__DL__slot_agg,DL (bn),,,,,,"rgb(239, 128, 99)","rgba(239,128,99,.1)"
slot_agg,BN__LB__slot_agg,LB (bn),,,,,,"rgb(111, 127, 237)","rgba(111,127,237,.1)"
slot_agg,BN__DB__slot_agg,DB (bn),,,,,,"rgb(239, 132, 180)","rgba(239,132,180,.1)"
offense_defense,offense,offense,,,,,,"rgb(244, 109, 67)","rgba(244,109,67,.1)"
offense_defense,defense,defense,,,,,,"rgb(152, 78, 163)","rgba(152,78,163,.1)"
offense_defense,offense__BN,offense (bn),,,,,,"rgb(244, 109, 67)","rgba(244,109,67,.1)"
offense_defense,defense__BN,defense (bn),,,,,,"rgb(152, 78, 163)","rgba(152,78,163,.1)"
starter_bn,starter,starter,,,,,,"rgb(102, 189, 99)","rgba(102,189,99,.1)"
starter_bn,BN,bn,,,,,,"rgb(137, 63, 69)","rgba(137,63,69,.1)"
